Country,Clicks,Impressions,CTR,Position
Tunisia,4531,89463,5.06%,10.41
France,74,4656,1.59%,21.73
Germany,28,821,3.41%,8.1
Algeria,23,1057,2.18%,16.61
Canada,17,1072,1.59%,23.9
Italy,14,360,3.89%,8.77
Morocco,13,1107,1.17%,13.06
Belgium,11,405,2.72%,15.66
United Arab Emirates,9,319,2.82%,20.51
Spain,8,243,3.29%,16.59
Netherlands,7,445,1.57%,10.6
Saudi Arabia,7,369,1.9%,29.65
Qatar,7,168,4.17%,8.48
Libya,7,123,5.69%,9.88
United Kingdom,6,359,1.67%,13.48
Iraq,6,213,2.82%,10.6
Egypt,5,554,0.9%,15.32
Syria,4,2564,0.16%,7.59
United States,4,2497,0.16%,11.57
India,4,312,1.28%,25.62
Congo - Brazzaville,4,23,17.39%,6.22
Poland,3,56,5.36%,10.8
Romania,3,39,7.69%,21.9
Denmark,3,19,15.79%,11.21
Mali,3,18,16.67%,6.44
Brunei,3,5,60%,4.6
Switzerland,2,210,0.95%,14.86
China,2,118,1.69%,11.58
Russia,2,90,2.22%,33.12
Austria,2,62,3.23%,9.97
Ukraine,2,59,3.39%,31.2
Iran,2,42,4.76%,7.05
Portugal,2,41,4.88%,14.2
Lebanon,1,334,0.3%,10.43
Vietnam,1,199,0.5%,23.59
Turkey,1,189,0.53%,14.87
Israel,1,148,0.68%,13.62
Senegal,1,110,0.91%,18.88
Mexico,1,90,1.11%,16.88
Kuwait,1,68,1.47%,14.25
Congo - Kinshasa,1,51,1.96%,13.22
Madagascar,1,49,2.04%,9.43
Pakistan,1,45,2.22%,20.58
South Korea,1,44,2.27%,23
Cameroon,1,43,2.33%,17.09
Oman,1,38,2.63%,9.76
Mauritania,1,35,2.86%,6.71
Hungary,1,32,3.12%,24.62
Guinea,1,13,7.69%,10.77
Malta,1,12,8.33%,11.33
Réunion,1,7,14.29%,6.86
Estonia,1,5,20%,3.6
Iceland,1,5,20%,28.8
Guadeloupe,1,4,25%,5
Honduras,1,3,33.33%,6.33
Yemen,0,221,0%,8.05
Jordan,0,209,0%,13.33
Brazil,0,164,0%,15.28
Haiti,0,126,0%,13.79
Bahrain,0,104,0%,10.62
Malaysia,0,104,0%,17.57
Indonesia,0,100,0%,24.8
Côte d’Ivoire,0,96,0%,27.04
Sudan,0,88,0%,8.44
Philippines,0,72,0%,31.4
Sweden,0,60,0%,9.38
Colombia,0,53,0%,14.58
Australia,0,51,0%,10.96
Palestine,0,47,0%,8.91
Singapore,0,46,0%,8.89
Greece,0,43,0%,17.79
Thailand,0,43,0%,32.21
Bangladesh,0,39,0%,23.18
Argentina,0,36,0%,21.92
Norway,0,34,0%,16.91
Japan,0,32,0%,22.25
Ecuador,0,30,0%,15.57
Nigeria,0,30,0%,41.7
Hong Kong,0,29,0%,6.83
Ireland,0,29,0%,12.17
Czechia,0,29,0%,19.76
Dominican Republic,0,23,0%,16.09
Peru,0,22,0%,14.73
South Africa,0,21,0%,11.71
Venezuela,0,20,0%,8.95
Cyprus,0,20,0%,11.6
Chile,0,20,0%,20.3
Benin,0,19,0%,9.42
Togo,0,18,0%,8
Finland,0,18,0%,10.17
Angola,0,17,0%,36.12
Djibouti,0,16,0%,5.31
Mauritius,0,16,0%,13.06
Serbia,0,16,0%,16.44
Bulgaria,0,15,0%,11.8
Burkina Faso,0,15,0%,14.4
Paraguay,0,14,0%,11
Luxembourg,0,13,0%,24.77
Monaco,0,13,0%,31.15
Ethiopia,0,12,0%,11.5
Guatemala,0,12,0%,19.17
Georgia,0,12,0%,49.42
Gabon,0,11,0%,8
Kenya,0,11,0%,21.36
Taiwan,0,11,0%,38.09
Belarus,0,10,0%,28.9
Bolivia,0,9,0%,10.22
Croatia,0,9,0%,15.56
Armenia,0,9,0%,26.44
Western Sahara,0,8,0%,8
Uzbekistan,0,8,0%,17.38
Latvia,0,8,0%,49.12
Niger,0,7,0%,5.86
French Polynesia,0,7,0%,6.86
Central African Republic,0,7,0%,7.29
Slovakia,0,7,0%,15.14
Sri Lanka,0,7,0%,26.14
Chad,0,6,0%,5.33
Somalia,0,6,0%,7
Martinique,0,6,0%,11.33
Albania,0,6,0%,11.5
Moldova,0,6,0%,16.33
Azerbaijan,0,6,0%,16.67
Jamaica,0,6,0%,19.17
Kazakhstan,0,6,0%,29.83
Tanzania,0,6,0%,35.17
Burundi,0,5,0%,7.2
New Caledonia,0,5,0%,10.8
Kosovo,0,5,0%,11
South Sudan,0,5,0%,11.4
Uganda,0,5,0%,15.8
Slovenia,0,5,0%,21.2
Macedonia,0,5,0%,22.4
Ghana,0,4,0%,3.5
Sint Maarten,0,4,0%,7.5
Lithuania,0,4,0%,16
Rwanda,0,4,0%,21.25
Afghanistan,0,4,0%,34
Unknown Region,0,4,0%,36.25
Mongolia,0,4,0%,54.75
New Zealand,0,3,0%,4.33
Curaçao,0,3,0%,6.33
Puerto Rico,0,3,0%,8.67
Costa Rica,0,3,0%,9
Nepal,0,3,0%,22.67
Cambodia,0,3,0%,34.33
Myanmar (Burma),0,3,0%,49
El Salvador,0,3,0%,60.33
Swaziland,0,2,0%,1
Panama,0,2,0%,4
Laos,0,2,0%,5.5
Kyrgyzstan,0,2,0%,6.5
Bosnia & Herzegovina,0,2,0%,34
Zimbabwe,0,2,0%,62
Uruguay,0,2,0%,85
Mozambique,0,1,0%,2
Fiji,0,1,0%,5
Liberia,0,1,0%,5
Antigua & Barbuda,0,1,0%,6
Trinidad & Tobago,0,1,0%,7
Vanuatu,0,1,0%,7
St. Kitts & Nevis,0,1,0%,8
Gambia,0,1,0%,9
French Guiana,0,1,0%,9
Maldives,0,1,0%,10
Turkmenistan,0,1,0%,10
Comoros,0,1,0%,11
Cuba,0,1,0%,11
Guinea-Bissau,0,1,0%,12
Macau,0,1,0%,20
St. Vincent & Grenadines,0,1,0%,46
Andorra,0,1,0%,60
Namibia,0,1,0%,66
Belize,0,1,0%,69
Barbados,0,1,0%,83