Top pages,Clicks,Impressions,CTR,Position
https://protein.tn/,2159,26157,8.25%,8.54
https://www.protein.tn/,164,7265,2.26%,4.9
https://protein.tn/magnesium/magnesium-bisglycinate-vitamine-b6-1422mg-weightworld,94,893,10.53%,8.58
https://protein.tn/blog/iso-100-de-dymatize-la-whey-isolate-ultime-pour-les-sportifs,83,779,10.65%,7.85
https://protein.tn/blog/impact-whey-protein-de-myprotein-avis-avantages-et-mode-d-emploi,54,1804,2.99%,8.52
"https://protein.tn/blog/أفضل مكملات البروتين في تونس: كيف تختار المنتج 
المناسب لهدفك الرياضي؟",52,1969,2.64%,5.73
https://protein.tn/weightworld,43,432,9.95%,6.25
https://protein.tn/blog/ما هو أفضل كرياتين في تونس؟,42,1375,3.05%,5.94
https://protein.tn/mass-gainers/serious-mass-2-7-kg,42,235,17.87%,10.81
https://protein.tn/category/creatine,34,548,6.2%,14.32
https://protein.tn/blog/whey-protein-en-tunisie,33,1269,2.6%,11.15
https://protein.tn/qui-sommes-nous,31,952,3.26%,9.03
https://protein.tn/shop/serious-mass-2-7-kg,29,179,16.2%,8.74
https://protein.tn/blog/mass-gainer-prix-tunisie-guide-complet-pour-2025,28,541,5.18%,8.19
https://protein.tn/blog/salle-de-sport-en-tunisie-les-meilleurs-centres-de-fitness-pour-atteindre-vos-objectifs,27,1788,1.51%,9.55
https://protein.tn/omega-3/omega-3-fish-oil-240-softgel-weightworld,26,3475,0.75%,7.44
https://protein.tn/shop/thunder-gainer-5-4kg-challenger-nutrition,26,229,11.35%,3.62
https://protein.tn/shop/dip-belt,26,119,21.85%,6.03
https://protein.tn/blog/les-meilleures-marques-de-creatine-en-tunisie-comparatif-et-avis,23,362,6.35%,6.88
https://protein.tn/creatine,22,490,4.49%,25.83
https://protein.tn/shop/iso-100-dymatize-2-3kg,22,374,5.88%,9.74
https://protein.tn/whey-proteine/100-whey-gold-standard-2-27kg,21,1114,1.89%,8.69
https://protein.tn/category/zma,21,117,17.95%,2.97
https://protein.tn/category/materiel-de-musculation,20,308,6.49%,11.02
https://protein.tn/l-carnitine/gold-l-carnitine-3000-500ml,19,227,8.37%,7.94
https://protein.tn/blog/ما هي الأطعمة التي تحتوي على الكرياتين؟,17,5834,0.29%,7.92
https://protein.tn/gainers-proteines/thunder-gainer-5-4kg-challenger-nutrition,17,419,4.06%,4.05
https://protein.tn/shop/hard-mass-gainer-7kg,17,249,6.83%,12.27
https://protein.tn/musculation/8-station-multi-gym,17,168,10.12%,8.73
https://protein.tn/accessoires/protein-shaker-450ml-sport-life,16,283,5.65%,12.06
https://protein.tn/whey-proteine/nitro-tech-ripped-1-8-kg-muscletech,16,90,17.78%,13.24
https://protein.tn/blog/serious-mass-le-gainer-ultime-pour-une-prise-de-masse-rapide,15,733,2.05%,9.03
"https://protein.tn/blog/أفضل مكملات البروتين في تونس: كيف تختار المنتج 
المناسب لهدفك الرياضي؟",15,635,2.36%,6
https://protein.tn/blog/prix-de-la-creatine-en-tunisie,15,577,2.6%,9.56
https://protein.tn/whey-proteine/gold-whey-2-kg-kevin-leverone,15,248,6.05%,6.01
https://protein.tn/zma,15,115,13.04%,5.57
https://protein.tn/blog/salle-de-sport-a-sousse-les-meilleures-options-pour-atteindre-vos-objectifs-fitness,14,1758,0.8%,9.12
https://protein.tn/shop,14,1694,0.83%,25.34
https://protein.tn/mass-gainers/hard-mass-gainer-7kg,14,355,3.94%,12.36
https://protein.tn/whey-isolate/iso-sensation-93-2-27kg,14,230,6.09%,8.09
https://protein.tn/blog/quelle-proteine-pour-diabetique,13,840,1.55%,9.55
https://protein.tn/shop/magnesium-bisglycinate-vitamine-b6-1422mg-weightworld,13,131,9.92%,6.27
https://protein.tn/whey-hydrolysee,12,143,8.39%,15.15
https://protein.tn/gainers-proteines/premium-v-bulk-5-5kg-victor-martinez,12,135,8.89%,5.58
https://protein.tn/shop/mass-gainer-7kg-warriors,12,116,10.34%,14.21
https://protein.tn/accessoires/dip-belt,12,114,10.53%,6.39
https://protein.tn/whey-proteine/anabolic-whey-80-2-25kg-proactive,11,748,1.47%,11.39
https://protein.tn/whey-proteine/100-whey-protein-2-27kg-challenger-nutrition,11,287,3.83%,5.95
https://protein.tn/whey-isolate/iso-testo-mr-x-1-8-kg,11,115,9.57%,7.47
https://protein.tn/page/qui-sommes-nous,10,803,1.25%,7.34
https://protein.tn/whey-isolate,10,473,2.11%,51.05
https://protein.tn/whey-isolate/all-in-isolate-204kg-big-ramy,10,214,4.67%,4.88
https://protein.tn/gainers-proteines/levro-legendary-mass-3kg,10,187,5.35%,7.75
https://protein.tn/brand/weightworld,10,166,6.02%,9.33
https://protein.tn/glucides/carbo-big-15kg-big-ramy-labs,10,162,6.17%,5.27
https://protein.tn/accessoires/bandes-de-poignet,10,125,8%,11.59
https://protein.tn/vitamines/vegan-vitamin-d3-k2-240-tablets-weightworld,10,121,8.26%,7.51
https://protein.tn/proteine-de-boeuf,10,103,9.71%,9.16
https://protein.tn/collagene/best-collagen-premium-350g-scenit-nutrition,10,99,10.1%,5.57
https://protein.tn/category/gants-de-musculation-et-fitness,10,76,13.16%,11.16
https://protein.tn/citrulline,10,57,17.54%,17.88
https://protein.tn/blog/quamtrax-creatine-en-tunisie-comment-distinguer-le-faux-du-vrai-protein-tn,9,311,2.89%,7
https://protein.tn/blog/creatine-tunisie-guide-complet-bienfaits-et-meilleures-marques-disponibles,9,240,3.75%,8.7
https://protein.tn/whey-isolate/gold-iso-2-kg-kevin-levrone,9,217,4.15%,7.42
https://protein.tn/mass-gainers/mass-gainer-7kg-warriors,9,216,4.17%,24.4
https://protein.tn/proteine-de-boeuf/big-ramy-labs-beef-mass-gainer-4-9kg,9,214,4.21%,5.22
https://protein.tn/whey-isolate/iso-100-dymatize-2-3kg,9,179,5.03%,16.15
https://protein.tn/biotech-usa,9,139,6.47%,16.87
https://protein.tn/whey-isolate/gold-isolate-2kg-v-shape-supps,9,111,8.11%,5.98
https://protein.tn/shop/leg-press-machine,9,111,8.11%,8.9
https://protein.tn/shop/8-station-multi-gym,9,69,13.04%,8.97
https://protein.tn/shop/gold-isolate-2kg-v-shape-supps,9,56,16.07%,12.16
https://protein.tn/shop/all-in-isolate-204kg-big-ramy,9,55,16.36%,7.44
https://protein.tn/mass-gainers/serious-mass-5-45-kg-optimum-nutrition,8,551,1.45%,9.93
https://protein.tn/pre-workout,8,505,1.58%,10.83
https://protein.tn/creatine/100-creatine-monohydrate-300g-biotech-usa,8,441,1.81%,13.27
https://protein.tn/blog/quelle-est-la-meilleure-creatine-monohydrate-en-tunisie,8,299,2.68%,7.89
https://protein.tn/whey-proteine/100-pure-whey-2-27kg-biotech-usa,8,102,7.84%,9.18
https://protein.tn/l-carnitine,8,87,9.2%,17.39
https://protein.tn/mass-gainers/full-mass-7-kg-soul-project,8,73,10.96%,12.34
https://protein.tn/musculation/multi-functional-smith-machine-mnd-fitness,8,52,15.38%,5.33
https://protein.tn/mass-gainers/big-monster-7-kg-hx-nutrition,8,43,18.6%,6.37
https://protein.tn/blog/ما هي فوائد وأضرار الكرياتين؟,7,1437,0.49%,10.8
https://protein.tn/proteines,7,1068,0.66%,33.87
https://protein.tn/contact,7,716,0.98%,5.35
http://www.protein.tn/,7,428,1.64%,6.92
https://protein.tn/blog/materiel-salle-de-sport-decouvrez-les-meilleurs-equipements-et-leurs-prix-en-tunisie,7,290,2.41%,8.8
https://protein.tn/shop/iso-whey-zero-2-27-kg,7,223,3.14%,10.86
https://protein.tn/shop/omega-3-fish-oil-240-softgel-weightworld,7,137,5.11%,7.1
https://protein.tn/pre-workout/pre-workout-born-rage-original-eric-favre,7,91,7.69%,7.53
https://protein.tn/vitamines/vitamin-d3-4000-iu-120-capsule-ostrovit,7,88,7.95%,7.47
https://protein.tn/proteines-vegetales,7,62,11.29%,18.76
https://protein.tn/boosters-hormonaux/natural-sterol-100-tablets,7,46,15.22%,5.89
https://protein.tn/blog/materiel-musculation-tunisie,7,46,15.22%,12.61
https://protein.tn/shop/nitro-tech-ripped-1-8-kg-muscletech,7,38,18.42%,15.32
https://protein.tn/shop/carbo-big-15kg-big-ramy-labs,7,37,18.92%,3.24
https://protein.tn/shop/multi-functional-smith-machine-mnd-fitness,7,37,18.92%,9.54
https://protein.tn/accessoires/lifting-straps,6,457,1.31%,8.46
https://protein.tn/boosters-hormonaux/t-9-testo-booster-120-caps,6,329,1.82%,9.3
https://protein.tn/blog/serious-mass-d-optimum-nutrition-le-gainer-ideal-pour-une-prise-de-masse-rapide,6,261,2.3%,10.8
"https://protein.tn/blog/Le magnésium : la condition cachée de l’efficacité 
de la créatine",6,228,2.63%,8.52
https://protein.tn/shop/100-whey-gold-standard-2-27kg,6,213,2.82%,10.17
https://protein.tn/whey-isolate/premium-isolate-protein-matrix-2-kg-victor-martinez,6,160,3.75%,6.51
https://protein.tn/whey-proteine/100-whey-gold-standard-4-5kg,6,150,4%,29.39
https://protein.tn/whey-isolate/iso-whey-zero-2-27-kg,6,147,4.08%,17.24
https://protein.tn/shop/lifting-straps,6,117,5.13%,7.52
https://protein.tn/shop/premium-isolate-protein-matrix-2-kg-victor-martinez,6,114,5.26%,6.03
https://protein.tn/muscletech,6,110,5.45%,7.86
https://protein.tn/shop/ring-de-boxe,6,107,5.61%,6.21
https://protein.tn/accessoires/ceinture-dos-gold-s-gym,6,99,6.06%,5.95
"https://protein.tn/blog/كيف تختار بروتين مصل اللبن في تونس؟ الدليل الشامل 
من protein.tn",6,87,6.9%,5.6
https://protein.tn/shop/t-9-testo-booster-120-caps,6,78,7.69%,12.67
https://protein.tn/shop/iso-sensation-93-2-27kg,6,76,7.89%,8.05
https://protein.tn/shop/iso-testo-mr-x-1-8-kg,6,76,7.89%,10.08
https://protein.tn/applied-nutrition,6,72,8.33%,14.25
https://protein.tn/shop/support-d-halteres,6,64,9.38%,19.28
https://protein.tn/whey-isolate/iso-hd-2-2kg-bpi-sports,6,56,10.71%,8.68
https://protein.tn/shop/carbo-z-mass-gainer-3-kg-sotek-nutrition,6,40,15%,4.9
https://protein.tn/category/beta-alanine,6,40,15%,13.03
https://protein.tn/shop/full-mass-7-kg-soul-project,6,31,19.35%,11.65
https://protein.tn/creatine/gold-creatine-kevin-levrone-300-g,5,338,1.48%,6.37
https://protein.tn/whey-proteine/big-whey-2kg-big-ramy-labs,5,290,1.72%,4.78
https://protein.tn/zinc/zinc-bisglycinate-400-comprimes-weightworld,5,274,1.82%,9.78
https://protein.tn/shop/gant-de-fitness,5,273,1.83%,15.42
https://protein.tn/mass-gainers/real-mass-6-8-kg-real-pharm,5,262,1.91%,9.28
https://protein.tn/accessoires/gant-de-fitness,5,260,1.92%,6.86
https://protein.tn/omega-3,5,185,2.7%,25.43
https://protein.tn/blog/les-10-meilleurs-complements-alimentaires-pour-sportifs-en-tunisie,5,166,3.01%,9.51
https://protein.tn/whey-proteine/whey-testo-mr-x-1-8-kg-v-shapes,5,140,3.57%,5.79
https://protein.tn/shop/big-ramy-labs-beef-mass-gainer-4-9kg,5,132,3.79%,5.62
https://protein.tn/boosters-hormonaux/gh-max-180-tablets,5,108,4.63%,9.26
https://protein.tn/l-arginine,5,88,5.68%,18.94
https://protein.tn/olimp-sport-nutrition,5,87,5.75%,20.39
https://protein.tn/zma/zma-60-capsules-hx-nutrition,5,83,6.02%,13.67
https://protein.tn/shop/bouteille-d-eau-2-2-litres,5,74,6.76%,5.82
https://protein.tn/whey-proteine/prostar-100-whey-protein-2-4kg,5,74,6.76%,10.82
https://protein.tn/shop/premium-v-bulk-5-5kg-victor-martinez,5,72,6.94%,5.08
https://protein.tn/proteines-vegetales/protein-vegan-1-5kg-eric-favre,5,66,7.58%,13.86
https://protein.tn/hmb,5,64,7.81%,6.5
https://protein.tn/shop/prostar-100-whey-protein-907g,5,54,9.26%,7.56
https://protein.tn/mass-gainers/carbo-z-mass-gainer-3-kg-sotek-nutrition,5,54,9.26%,8.65
https://protein.tn/omega-3/mega-omega-3-90-caps-biotech,5,53,9.43%,11.21
https://protein.tn/cardio-fitness/ring-de-boxe,5,47,10.64%,9
https://protein.tn/shop/big-monster-7-kg-hx-nutrition,5,34,14.71%,6.15
https://protein.tn/shop/creatine-real-pharm-300g,5,34,14.71%,13.79
https://protein.tn/shop/gold-l-carnitine-3000-500ml,5,32,15.62%,5.41
https://protein.tn/shop/beef-aminos-200-tabs,5,21,23.81%,7.33
https://protein.tn/creatine/gold-creatine-300g,5,18,27.78%,16.72
https://protein.tn/shop/citruargin-300-g-real-pharm,5,12,41.67%,5.83
https://protein.tn/blog/ما هي المكملات الغذائية؟ الشرح الكامل للمبتدئين,4,1252,0.32%,9.08
https://protein.tn/blog/أفضل وقت لتناول البروتين: قبل التمرين أم بعده؟,4,907,0.44%,7.14
https://protein.tn/vitamines/one-a-day-biotech-usa,4,310,1.29%,8.27
https://protein.tn/shop/100-creatine-monohydrate-300g-biotech-usa,4,272,1.47%,11.2
https://protein.tn/shop/one-a-day-biotech-usa,4,259,1.54%,7.92
https://protein.tn/blog/أفضل 10 مصادر للبروتين تعزز بناء العضلات و صحة,4,220,1.82%,12.62
https://protein.tn/blog/meilleure-creatine-2026-notre-guide-pour-bien-choisir,4,158,2.53%,10.63
https://protein.tn/proteine-de-boeuf/beef-mass-plus-27kg-big-ramy-labs,4,154,2.6%,6.75
https://protein.tn/bruleurs-de-graisse/lipo-6-black-ultra-concentrate-60caps,4,140,2.86%,12.86
https://protein.tn/accessoires/ceinture-dos-de-musculation,4,127,3.15%,8.16
https://protein.tn/proactive,4,121,3.31%,13.4
https://protein.tn/shop/100-whey-gold-standard-4-5kg,4,108,3.7%,17.15
https://protein.tn/category/whey-hydrolysee,4,98,4.08%,28.94
https://protein.tn/whey-isolate/iso-fusion-2kg-eric-favre,4,95,4.21%,9.56
https://protein.tn/shop/mr-x-igf-1-anabolic-mass,4,93,4.3%,5.09
https://protein.tn/whey-isolate/iso-whey-2-kg-hx-nutrition,4,84,4.76%,19.27
https://protein.tn/category/carbohydrates,4,72,5.56%,11.33
https://protein.tn/whey-proteine/gsn-pure-whey-2kg,4,72,5.56%,11.88
https://protein.tn/eaa/eaa-bcaa-390gr-challenger-nutrition,4,65,6.15%,13.51
https://protein.tn/whey-proteine/animal-whey-isolate-loaded-2-27kg,4,65,6.15%,13.57
https://protein.tn/pre-workout/amino-energy-270-g,4,64,6.25%,18.48
https://protein.tn/pre-workout/pump-extreme-pre-workout-challenger-nutrition-30-servings,4,56,7.14%,9.45
https://protein.tn/category/ceinture-de-musculation,4,46,8.7%,9.78
https://protein.tn/whey-isolate/iso-sensation-93-910g,4,45,8.89%,27.27
https://protein.tn/pre-workout/shaaboom-pump-385g-kevin-levrone,4,40,10%,8.68
https://protein.tn/shop/vitamin-d3-4000-iu-120-capsule-ostrovit,4,39,10.26%,5.62
https://protein.tn/whey-proteine/nitrotech-whey-protein-1-81-kg-muscletech,4,36,11.11%,11.86
https://protein.tn/omega-3/zumub-omega-3-90-caps,4,35,11.43%,7.51
https://protein.tn/shop/opti-men-90tabs,4,34,11.76%,9.12
https://protein.tn/shop/beef-mass-plus-27kg-big-ramy-labs,4,34,11.76%,12.12
https://protein.tn/omega-3/omega-3-6-9-90-gelules,4,33,12.12%,5.91
https://protein.tn/creatine/creatine-monohydrate-500gr-hx-nutrition,4,31,12.9%,17.61
https://protein.tn/eaa,4,29,13.79%,20.38
https://protein.tn/scitec-nutrition,4,27,14.81%,18.22
https://protein.tn/bruleurs-de-graisse/animal-cuts-no-stim-powder-42-doses,4,24,16.67%,9.33
https://protein.tn/fat-burner,4,16,25%,8.81
https://protein.tn/shop/protein-vegan-1-5kg-eric-favre/reviews,4,16,25%,9.25
"https://protein.tn/blog/ما هي مصادر البروتين؟ دليل شامل لبناء العضلات 
وتحسين صحتك",3,706,0.42%,9.8
https://protein.tn/brands,3,553,0.54%,44.66
https://protein.tn/blog/la-caseine-une-proteine-pro-inflammatoire,3,469,0.64%,20.47
https://protein.tn/blog/proteine-pour-cheveux-le-secret-d-une-chevelure-forte-et-brillante,3,306,0.98%,29
https://protein.tn/glucides/carbo-1000g-ostrovit,3,220,1.36%,7.4
https://protein.tn/shop/anabolic-whey-80-2-25kg-proactive,3,219,1.37%,7.67
https://protein.tn/mass-gainers,3,186,1.61%,43.18
"https://protein.tn/blog/الفرق بين بروتين Whey و Isolate و Casein: أيهم 
الأفضل لك؟",3,163,1.84%,11.99
https://protein.tn/shop/omega-3,3,154,1.95%,13.99
https://protein.tn/blog/creatine-tunisie,3,114,2.63%,77.82
https://protein.tn/shop/serious-mass-5-45-kg-optimum-nutrition,3,113,2.65%,10.09
https://protein.tn/creatine/creatine-300gr-challenger-nutrition,3,111,2.7%,7.7
https://protein.tn/shop/bandes-de-tirage,3,111,2.7%,9.42
https://protein.tn/whey-isolate/iso-big-2-1kg-big-ramy-labs,3,108,2.78%,5.32
https://protein.tn/blog/ou-acheter-de-la-creatine-en-tunisie,3,106,2.83%,17.29
https://protein.tn/blog/whey-proteine-tunisie-guide-ultime-pour-choisir-la-meilleure-proteine,3,99,3.03%,11.06
https://protein.tn/shop/creatine-monohydrate-300g-ostrovit,3,99,3.03%,11.92
https://protein.tn/vitamines/animal-pak-44-packs,3,90,3.33%,13.51
https://protein.tn/vitamines/vegan-vitamin-d3-k2-365-tablets-weightworld,3,86,3.49%,9.93
https://protein.tn/pre-workout/c4-original-pre-workout-cellucor,3,85,3.53%,14.67
https://protein.tn/ultimate-nutrition,3,83,3.61%,10.19
https://protein.tn/category/omega-3,3,77,3.9%,23.13
https://protein.tn/gainers-proteines/gsn-big-mass-gainer-6kg,3,69,4.35%,25.09
https://protein.tn/creatine/platinum-creatine-400g-muscletech,3,67,4.48%,14.13
https://protein.tn/eaa/eaa-400-g-ostrovit,3,66,4.55%,11.85
https://protein.tn/ostrovit,3,60,5%,9.93
https://protein.tn/cardio-fitness/tapis-roulant-professionnel-mnd-fitness,3,56,5.36%,3.32
https://protein.tn/shop/gold-whey-2-kg-kevin-leverone,3,55,5.45%,14.75
https://protein.tn/creatine-monohydrate-tunisie,3,53,5.66%,16.21
https://protein.tn/gainers-proteines/mr-x-igf-1-anabolic-mass,3,51,5.88%,6.31
https://protein.tn/whey-proteine/gold-whey-2kg-v-shape-supps,3,51,5.88%,7.12
https://protein.tn/creatine/creatine-monohydrate-ostrovit-500gr,3,45,6.67%,9.42
https://protein.tn/shop/psychotic-pre-workout,3,42,7.14%,31.05
https://protein.tn/shop/collagen-marine-300g-real-pharm,3,41,7.32%,8.15
https://protein.tn/category/pre-workout,3,41,7.32%,15.49
https://protein.tn/bpi-sports,3,31,9.68%,11.9
https://protein.tn/blog/regime-alimentaire-pour-la-prise-de-masse-le-guide-complet-pour-developper-votre-muscle-efficacement,3,28,10.71%,5.18
https://protein.tn/shop/hydro-whey-1-59-kg,3,28,10.71%,8.43
https://protein.tn/shop/creatine-300gr-challenger-nutrition,3,27,11.11%,4.78
https://protein.tn/shop/creatine-real-pharm-300g/reviews,3,27,11.11%,7.07
https://protein.tn/shop/eaa-400-g-ostrovit,3,26,11.54%,7.5
https://protein.tn/shop/zumub-omega-3-90-caps,3,22,13.64%,26.59
https://protein.tn/shop/premium-v-bulk-27kg-victor-martinez,3,21,14.29%,5.33
https://protein.tn/shop/natural-sterol-100-tablets,3,20,15%,6.3
https://protein.tn/shop/premium-whey-gold-2kg-victor-martinez,3,19,15.79%,5.89
https://protein.tn/shop/iso-fusion-2kg-eric-favre,3,19,15.79%,6.89
https://protein.tn/shop/iso-whey-2-27kg-muscletech,3,19,15.79%,8.74
https://protein.tn/shop/tribulus-bulgarian-90caps,3,18,16.67%,32.56
https://protein.tn/category/citrulline,3,16,18.75%,19.06
https://protein.tn/vitamines/animal-pak-44-scoops-powder,3,13,23.08%,11.77
https://protein.tn/shop/banc-d-extension-de-dossier,3,9,33.33%,10.11
https://protein.tn/shop/c4-original-pre-workout-cellucor,3,9,33.33%,18.11
https://protein.tn/blog/ما هو الكرياتين؟,2,938,0.21%,11.61
https://protein.tn/page/creatine-monohydrate-tunisie,2,698,0.29%,9.58
https://protein.tn/mass-gainers/levro-legendary-mass-6-8kg-kevin-levrone,2,330,0.61%,12.74
https://protein.tn/blog/proteine-de-mass-quelle-est-la-meilleure-proteine-pour-prendre-de-la-masse,2,258,0.78%,26.07
https://protein.tn/shop/gants-de-musculation,2,250,0.8%,33
https://protein.tn/creatine/gsn-creatine-monohydrate-200g,2,243,0.82%,9.52
https://protein.tn/blog/creatine-vs-proteine-quel-complement-choisir-pour-la-musculation,2,242,0.83%,19.07
https://protein.tn/blog/meilleur-proteine-pour-maigrir,2,242,0.83%,28.54
https://protein.tn/blog/complements-alimentaires-tunisie,2,223,0.9%,14.72
https://protein.tn/category/proteine-whey,2,191,1.05%,43.41
https://protein.tn/shop/lipo-6-black-60-caps,2,184,1.09%,8.52
https://protein.tn/creatine/micronised-creatine-optimum-nutrition-317g,2,184,1.09%,13.9
https://protein.tn/shop/whey-testo-mr-x-1-8-kg-v-shapes,2,141,1.42%,9.24
https://protein.tn/blog/proteines-tunisiennes-tout-ce-que-vous-devez-savoir,2,136,1.47%,14.57
https://protein.tn/musculation/leg-press-machine,2,129,1.55%,8.01
https://protein.tn/collagene,2,123,1.63%,31.16
https://protein.tn/big-ramy-labs,2,118,1.69%,11.67
https://protein.tn/blog/parapharmacie-moins-cher-en-tunisie-ou-trouver-les-meilleurs-prix,2,112,1.79%,19.95
https://protein.tn/whey-proteine,2,107,1.87%,35.34
https://protein.tn/creatine/big-ramy-labs-creatine-300g,2,104,1.92%,6.24
https://protein.tn/blog/meilleur-creatine-pour-prise-de-masse,2,104,1.92%,16.97
https://protein.tn/musculation/machine-a-cable-d-entrainement-fonctionnel,2,91,2.2%,7.55
https://protein.tn/magnesium,2,89,2.25%,18.84
https://protein.tn/brand/victor-martinez,2,86,2.33%,7.7
https://protein.tn/myprotein,2,86,2.33%,17.1
https://protein.tn/whey-isolate/real-isolate-1-8-kg,2,83,2.41%,12.33
https://protein.tn/blog/meilleures-marques-de-creatine-en-tunisie,2,82,2.44%,10.8
https://protein.tn/creatine/creatine-real-pharm-300g,2,78,2.56%,12.26
https://protein.tn/blog/les-meilleurs-bruleurs-de-graisse-disponibles-en-tunisie-comparatif-et-avis,2,72,2.78%,6.97
https://protein.tn/shop/arginine-and-pyroglutamate-and-lysine-100caps,2,69,2.9%,9.23
https://protein.tn/musculation/support-d-halteres,2,68,2.94%,10.38
https://protein.tn/creatine/creatine-monohydrate-300g-ostrovit,2,66,3.03%,7.11
https://protein.tn/shop/machine-a-squat,2,62,3.23%,7.24
https://protein.tn/blog/quels-sont-les-aliments-riches-en-proteines,2,61,3.28%,31.13
https://protein.tn/musculation/pulldown-machine-mnd-fitness,2,58,3.45%,8.17
https://protein.tn/glucides/carbo-plus-1kg-universal,2,55,3.64%,11.38
https://protein.tn/shop/carbo-1000g-ostrovit,2,54,3.7%,10.93
https://protein.tn/accessoires/bandes-de-tirage,2,54,3.7%,13.28
https://protein.tn/kevin-levrone,2,54,3.7%,23.74
https://protein.tn/shop/machine-a-cable-d-entrainement-fonctionnel,2,53,3.77%,6.85
https://protein.tn/blog/complement-alimentaire-en-tunisie-guide-complet-pour-une-meilleure-sante,2,51,3.92%,9.51
https://protein.tn/shop/gsn-pure-whey-2kg,2,51,3.92%,19.8
https://protein.tn/shop/zinc-chelate-biotech-usa,2,50,4%,11.78
https://protein.tn/bcaa,2,50,4%,19.4
https://protein.tn/shop/vitamax-men-60tabs-real-pharm,2,46,4.35%,5.61
https://protein.tn/shop/gh-max-180-tablets,2,46,4.35%,8.85
https://protein.tn/monster,2,46,4.35%,9.89
https://protein.tn/l-carnitine/l-carnitine-chrome-60-caps-biotechusa,2,44,4.55%,22
https://protein.tn/category/l-carnitine,2,43,4.65%,13.42
https://protein.tn/shop/bandes-de-poignet,2,42,4.76%,5.21
https://protein.tn/category/l-arginine,2,42,4.76%,9.9
https://protein.tn/shop/ceinture-dos-gold-s-gym,2,42,4.76%,11.83
https://protein.tn/shop/cream-of-rice-1kg-yava-labs,2,41,4.88%,11.63
https://protein.tn/blog/omega-3-prix-trouvez-les-meilleurs-omega-3-au-meilleur-prix-en-tunisie,2,40,5%,17.73
https://protein.tn/product/creatine-monohydrate-300g-ostrovit,2,38,5.26%,6.84
https://protein.tn/shop/gsn-creatine-monohydrate-500g,2,38,5.26%,14.53
https://protein.tn/blog/creatine-monohydrate-tunisie-guide-d-achat-bienfaits-et-meilleures-marques,2,37,5.41%,22.57
https://protein.tn/bruleurs-de-graisse/hydroxycut-hardcore-elite-100-caps-muscletech,2,37,5.41%,23.54
https://protein.tn/shop/animal-pak-30-packs,2,35,5.71%,10.69
https://protein.tn/accessoires/bande-genoux,2,34,5.88%,12.56
https://protein.tn/blog/protein-pancakes,2,33,6.06%,9.45
https://protein.tn/glutamine,2,33,6.06%,17.85
https://protein.tn/shop/100-pure-whey-2-27kg-biotech-usa,2,32,6.25%,6.62
https://protein.tn/shop/levro-legendary-mass-3kg,2,32,6.25%,11.03
https://protein.tn/musculation,2,32,6.25%,12.78
https://protein.tn/blog/materiel-de-musculation-tunisie-guide-d-achat-et-les-meilleurs-produits-pour-un-entrainement-efficace,2,31,6.45%,19.58
https://protein.tn/shop/all-in-isolate-2040kg-big-ramy,2,30,6.67%,4.37
https://protein.tn/shop/iso-hd-2-2kg-bpi-sports,2,30,6.67%,13.5
https://protein.tn/shop/collagen-vitamin-c-400g,2,30,6.67%,14.93
https://protein.tn/shop/100-whey-protein-2-27kg-challenger-nutrition,2,28,7.14%,5.04
https://protein.tn/shop/l-carnitine-chrome-60-caps-biotechusa,2,28,7.14%,10.61
https://protein.tn/zinc/zinc-duo-biotech-usa-60-capsules,2,28,7.14%,13.68
https://protein.tn/shop/iso-big-2-1kg-big-ramy-labs/reviews,2,26,7.69%,6.81
https://protein.tn/boosters-hormonaux,2,26,7.69%,16.85
https://protein.tn/shop/c4-pre-workout-280-g-cellucor,2,26,7.69%,17.77
https://protein.tn/brand/olimp-sport-nutrition,2,26,7.69%,19.69
https://protein.tn/musculation/smith-machine,2,25,8%,4.6
https://protein.tn/glucides/mass-gainer-creatine-eric-favre-7-kg,2,25,8%,11.08
https://protein.tn/shop/creatine-monohydrate-300g-ultimate-nutrition,2,24,8.33%,12.71
https://protein.tn/musculation/layers-dumbbell-rack-mnd-fitness,2,23,8.7%,8.48
https://protein.tn/shop/animal-omega-30packs,2,23,8.7%,11.52
https://protein.tn/shop/zma-biotech-usa,2,23,8.7%,13.43
https://protein.tn/rule-1,2,21,9.52%,14.29
https://protein.tn/whey-isolate/isotope-100-whey-isolate-2-2kg,2,21,9.52%,23.52
https://protein.tn/category/proteine-de-boeuf,2,21,9.52%,35.57
https://protein.tn/shop/king-real-preworkout-500gr-real-pharm,2,20,10%,15.7
https://protein.tn/musculation/chest-presse-inclinee-machine-mnd-fitness,2,18,11.11%,9.22
https://protein.tn/shop/iso-hydro-zero-1800g-william-bonac,2,18,11.11%,15.67
https://protein.tn/shop/iso-big-2-1kg-big-ramy-labs,2,17,11.76%,5.82
https://protein.tn/musculation/support-pour-disques-de-musculation,2,17,11.76%,8.59
https://protein.tn/vitamines/vita-x-90-tabs-multivitamines,2,17,11.76%,8.94
https://protein.tn/brand/optimum-nutrition,2,17,11.76%,18.88
https://protein.tn/shop/compact-whey-gold-2kg-galvanize-chrome,2,17,11.76%,24.47
https://protein.tn/blog/pancakes-proteines,2,16,12.5%,10.62
https://protein.tn/ashwagandha/ashwagandha-ksm-66-en-comprimes-180-1500-mg,2,16,12.5%,13
https://protein.tn/shop/big-ramy-labs-bcaa-300g,2,16,12.5%,30.44
https://protein.tn/shop/gsn-isolate-pro-2kg/reviews,2,15,13.33%,5.73
https://protein.tn/blog/proteine-en-poudre-guide-complet-pour-les-debutants,2,15,13.33%,13.53
https://protein.tn/nutrex-research,2,15,13.33%,28.2
https://protein.tn/shop/real-isolate-1-8-kg,2,14,14.29%,14.86
https://protein.tn/shop/vegan-vitamin-d3-k2-240-tablets-weightworld,2,13,15.38%,12.46
https://protein.tn/invictus,2,12,16.67%,5
https://protein.tn/shop/support-pour-disques-de-musculation,2,11,18.18%,4.91
https://protein.tn/cla,2,11,18.18%,19.27
https://protein.tn/ihs-technology-supplements,2,10,20%,5.6
https://protein.tn/shop/rameur-professionnel-mnd-fitness,2,10,20%,13.9
https://protein.tn/musculation/accessoires-rack-jx-fitness,2,9,22.22%,28.11
https://protein.tn/shop/cream-of-rice-1kg-yava-labs/reviews,2,7,28.57%,6.71
https://protein.tn/vitamines/vitamin-c-1000-mg-90-tabs-gymbeam,2,7,28.57%,7.71
https://protein.tn/category/equipement-cardio-fitness,2,6,33.33%,39.5
https://protein.tn/shop/multi-vita-120-caps-scenit-nutrition,2,5,40%,4.4
https://protein.tn/boosters-hormonaux/test-hd-elite-120-caps,2,4,50%,4.25
https://protein.tn/blog/effets-secondaires-de-la-creatine-risques-et-precautions-essentielles,1,526,0.19%,36.67
https://protein.tn/blog/أفضل وقت لتناول البروتين: قبل التمرين أم بعده؟,1,508,0.2%,7.31
https://protein.tn/proteine-tunisie,1,450,0.22%,50.82
https://protein.tn/shop/pure-creatine-300-gr,1,235,0.43%,6.25
https://protein.tn/blog/quelle-est-la-meilleure-proteine-whey-au-monde,1,226,0.44%,21.92
https://protein.tn/page/proteine-tunisie,1,205,0.49%,45.68
"https://protein.tn/blog/الفرق بين المكملات الغذائية والأدوية: تفسير واضح 
وسهل",1,199,0.5%,7.42
https://protein.tn/blog/meilleure-parapharmacie-en-ligne-en-tunisie-ou-acheter-vos-produits-de-sante-et-bien-etre,1,181,0.55%,43.48
https://protein.tn/optimum-nutrition,1,164,0.61%,63.48
https://protein.tn/shop/gsn-isolate-pro-2kg,1,151,0.66%,7.13
https://protein.tn/blog/whey-proteine-pas-cher-tunisie,1,144,0.69%,23.67
https://protein.tn/blog/la-creatine-peut-elle-vraiment-booster-vos-capacites-cerebrales,1,140,0.71%,15.62
https://protein.tn/packs,1,137,0.73%,57.12
https://protein.tn/prise-de-masse,1,134,0.75%,48.9
https://protein.tn/gsn-great-sport-nutrition,1,128,0.78%,18.55
https://protein.tn/blog/creatine-en-tunisie-guide-complet-pour-booster-vos-performances-protein-tn,1,128,0.78%,64.56
https://protein.tn/pre-workout/king-real-preworkout-500gr-real-pharm-tunisie,1,121,0.83%,6.66
"https://protein.tn/blog/الفرق بين بروتين Whey و Isolate و Casein: أيهم 
الأفضل لك؟",1,117,0.85%,9.68
https://protein.tn/l-arginine/arginine-and-pyroglutamate-and-lysine-100caps,1,117,0.85%,10.85
"https://protein.tn/blog/هل المكملات الغذائية مفيدة للجميع؟ نصائح مهمة قبل 
الشراء",1,114,0.88%,9.76
https://protein.tn/category/isolat-de-whey,1,99,1.01%,53.23
https://protein.tn/blog/quelles-sont-les-meilleures-proteines,1,98,1.02%,15.35
https://protein.tn/tribulus/tribulus-terrestris-90-60-caps-ostrovit,1,90,1.11%,20.14
https://protein.tn/shop/gsn-big-mass-gainer-3kg,1,81,1.23%,17.17
https://protein.tn/bruleurs-de-graisse/lipo-6-black-60-caps,1,79,1.27%,13.58
https://protein.tn/blog/proteine-whey-tunisie-tout-ce-que-vous-devez-savoir-avant-d-acheter,1,79,1.27%,30.8
https://protein.tn/creatine/creatine-monohydrate-500g-quamtrax,1,78,1.28%,19.95
https://protein.tn/shop/zma-pro-90-caps,1,76,1.32%,4.08
https://protein.tn/musculation/machine-de-curl-biceps-selective,1,76,1.32%,13.47
https://protein.tn/whey-proteine/premium-whey-gold-2kg-victor-martinez,1,75,1.33%,6.69
https://protein.tn/shop/real-mass-6-8-kg-real-pharm,1,75,1.33%,11.48
https://protein.tn/shop/lipo-6-black-ultra-concentrate-60caps,1,71,1.41%,16.21
https://protein.tn/shop/prostar-100-whey-protein-2-4kg,1,64,1.56%,10.69
https://protein.tn/william-bonac,1,62,1.61%,6.56
https://protein.tn/creatine/best-creatine-500g-scenit-nutrition,1,62,1.61%,8.79
https://protein.tn/pre-workout/psychotic-pre-workout,1,61,1.64%,24.98
https://protein.tn/vitamines,1,61,1.64%,29.87
https://protein.tn/gainers-proteines/premium-v-bulk-27kg-victor-martinez,1,59,1.69%,7.1
https://protein.tn/shop/carbox-1kg-biotechusa,1,59,1.69%,11.31
https://protein.tn/blog/creatine-prix-en-tunisie-et-comment-choisir-le-meilleur-produit,1,58,1.72%,12.4
https://protein.tn/creatine/creatine-monohydrate-300g-ultimate-nutrition,1,57,1.75%,39.81
https://protein.tn/brand/myprotein,1,56,1.79%,9.3
https://protein.tn/victor-martinez,1,54,1.85%,11.04
https://protein.tn/blog/whey-proteine-prix-en-tunisie-comparatif-et-meilleurs-offres,1,53,1.89%,7.17
https://protein.tn/accessoires,1,53,1.89%,14.13
https://protein.tn/shop/animal-pak-44-packs,1,53,1.89%,19.75
https://protein.tn/tribulus,1,53,1.89%,35.98
https://protein.tn/blog/proteine-pour-prise-de-poids-tunisie-le-guide-ultime-pour-gagner-en-masse-musculaire,1,52,1.92%,8.67
https://protein.tn/glucides/cream-of-rice-1kg-yava-labs,1,52,1.92%,14.46
https://protein.tn/shop/gsn-nitro-whey-2kg,1,51,1.96%,11.41
https://protein.tn/zma/zma-pro-90-caps,1,50,2%,6.48
https://protein.tn/blog/les-meilleurs-complements-proteines-en-tunisie-pour-2025-guide-complet,1,50,2%,18.22
https://protein.tn/mass-gainers/massive-gainer-7kg,1,50,2%,60.66
https://protein.tn/shop/levro-legendary-mass-6-8kg-kevin-levrone,1,49,2.04%,10.16
https://protein.tn/whey-isolate/pure-whey-isolate-95-2-2kg,1,48,2.08%,42
https://protein.tn/shop/zinc-bisglycinate-400-comprimes-weightworld,1,47,2.13%,7.68
https://protein.tn/shop/gold-creatine-300g,1,45,2.22%,14.69
https://protein.tn/whey-proteine/whey-ultimate-2kg-william-bonac,1,43,2.33%,7.49
https://protein.tn/blog/la-creatine-fait-elle-gonfler-ou-prendre-du-poids-chez-la-femme,1,43,2.33%,7.88
https://protein.tn/blog/materiel-de-salle-de-sport-professionnel-en-tunisie-equipez-votre-salle-de-sport-avec-les-meilleurs-produits,1,42,2.38%,9.76
https://protein.tn/category/boosters-hormonaux,1,42,2.38%,10.9
https://protein.tn/shop/machine-de-curl-biceps-selective,1,41,2.44%,13.24
https://protein.tn/shop/protein-shaker-450ml-sport-life,1,40,2.5%,15.93
https://protein.tn/mass-gainers/mass-gainer-zero-7kg-eric-favre,1,40,2.5%,16.27
https://protein.tn/whey-isolate/gsn-isolate-pro-2kg,1,39,2.56%,11.41
https://protein.tn/blog/creatine-tout-ce-que-vous-devez-savoir-sur-ses-bienfaits-dosage-et-performance-sportive-protein-tn,1,37,2.7%,56.97
https://protein.tn/shop/whey-ultimate-2kg-william-bonac,1,36,2.78%,17.03
https://protein.tn/vitamines/vitamin-d3-k2-90-tabs-real-pharm,1,36,2.78%,17.78
https://protein.tn/beta-alanine,1,36,2.78%,24.06
https://protein.tn/l-carnitine/anabolic-l-carnitine-3000-mg-500-ml,1,36,2.78%,28.53
https://protein.tn/whey-hydrolysee/iso-hydro-zero-1800g-william-bonac,1,35,2.86%,5.34
https://protein.tn/shop/gold-whey-2kg-v-shape-supps,1,35,2.86%,11.29
https://protein.tn/blog/ou-acheter-de-la-creatine-originale-en-tunisie-le-guide-complet,1,35,2.86%,26.06
https://protein.tn/accessoires/bouteille-d-eau-1-8-litres,1,34,2.94%,4.41
https://protein.tn/shop/king-pre-workout-500g-real-pharm,1,34,2.94%,5.82
https://protein.tn/shop/multi-reglable-bench-mnd-fitness,1,34,2.94%,14.82
https://protein.tn/shop/poulie-machine,1,33,3.03%,8.58
https://protein.tn/shop/amino-energy-270-g,1,33,3.03%,12.91
https://protein.tn/category/glutamine,1,33,3.03%,15.7
https://protein.tn/shop/exercise-spin-bike,1,33,3.03%,23.03
https://protein.tn/shop/creatine-monohydrate-500g-v-shape-supps,1,32,3.12%,15.06
https://protein.tn/l-arginine/l-arginine-300g-biotech-usa,1,32,3.12%,37.97
https://protein.tn/citrulline/citrulline-200g-real-pharm,1,31,3.23%,23.23
https://protein.tn/zinc,1,31,3.23%,26.13
https://protein.tn/blog/كيف تختار المكمل الغذائي المناسب لهدفك الرياضي,1,30,3.33%,11.57
https://protein.tn/shop/mr-x-eaa-360g-v-shape,1,30,3.33%,11.63
https://protein.tn/musculation/banc-multi-reglable,1,29,3.45%,7.66
https://protein.tn/materiel-de-musculation,1,29,3.45%,9.69
https://protein.tn/shop/the-pump-261gr-challenger-nutrition,1,28,3.57%,8.25
https://protein.tn/kong-sport-nutrition,1,28,3.57%,11.82
https://protein.tn/mass-gainers/gain-bolic-6000-6-8-kg,1,28,3.57%,22.46
https://protein.tn/shop/smith-machine,1,27,3.7%,5.56
https://protein.tn/blog/ما هو أفضل نوع من بروتين مصل اللبن؟,1,27,3.7%,15.33
https://protein.tn/shop?brand=1,1,26,3.85%,6.62
https://protein.tn/shop/instant-real-mass-2-72kg-scenit-nutrition,1,25,4%,5.24
https://protein.tn/blog/la-creatine-reglementee-securite-performance-et-utilisation-legale,1,25,4%,5.68
https://protein.tn/7nutrition,1,25,4%,41.48
https://protein.tn/pro-cell,1,25,4%,47.32
https://protein.tn/isolat-de-whey,1,25,4%,48.76
https://protein.tn/whey-proteine/real-whey-2-kg-hx-nutrition,1,24,4.17%,8.12
https://protein.tn/shop/gold-iso-2-kg-kevin-levrone,1,24,4.17%,13.42
https://protein.tn/bcaa/bcaa-12-000-457-g,1,24,4.17%,17.62
https://protein.tn/blog/creatine-tunisie-tout-ce-que-vous-devez-savoir,1,24,4.17%,26.54
https://protein.tn/shop/chest-presse-inclinee-machine-mnd-fitness,1,23,4.35%,15.04
https://protein.tn/blog/كيف تختار مكمل غذائي آمن وفعال؟ دليل للمستهلك العربي,1,22,4.55%,16.59
https://protein.tn/whey-proteine/pack-professionnel,1,22,4.55%,31.82
https://protein.tn/shop/behemoth-preworkout-500g,1,21,4.76%,17.19
https://protein.tn/blog/proteines-de-masse-questions-reponses-faq,1,21,4.76%,19.29
https://protein.tn/proteines-multi-sources/whey-protein-complex-100-2-27kg,1,20,5%,9.6
https://protein.tn/category/shakers-et-bouteilles-sportives,1,20,5%,17.55
https://protein.tn/gainers-proteines/muscle-on-1kg-real-pharm,1,19,5.26%,11.58
https://protein.tn/scenit-nutrition,1,19,5.26%,14.68
https://protein.tn/bcaa/bcaa-8-1-1-400g-real-pharm,1,18,5.56%,8.28
https://protein.tn/blog/postbiotiques-et-sante-intestinale-pour-athletes-le-secret-d-une-performance-optimale,1,18,5.56%,22.17
https://protein.tn/shop/creatine-monohydrate-500g-quamtrax,1,18,5.56%,25.22
https://protein.tn/collagene/collagen-vitamin-c-400g,1,17,5.88%,7.82
https://protein.tn/shop/glutamine-300g-ostrovit,1,16,6.25%,4.19
https://protein.tn/vitamines/multivitamin-for-men-60-tablets-biotech-usa,1,16,6.25%,4.62
https://protein.tn/blog/guide-complet-des-complements-alimentaires-et-nutrition-sportive-protein-tn,1,16,6.25%,5.38
https://protein.tn/shop/big-whey-2kg-big-ramy-labs,1,16,6.25%,5.81
https://protein.tn/shop/bcaa-12-000-457-g,1,16,6.25%,17.25
https://protein.tn/shop/real-whey-100-2-250-gr,1,16,6.25%,20.88
https://protein.tn/blog/les-regimes-hyperproteines-pour-la-perte-de-poids-guide-complet-pour-bruler-les-graisses-efficacement,1,16,6.25%,28.06
https://protein.tn/vitamines/vitamin-forte-120-caps-ostrovit,1,16,6.25%,29.44
https://protein.tn/brand/proactive,1,15,6.67%,9.53
https://protein.tn/category/cla,1,15,6.67%,10.27
https://protein.tn/whey-hydrolysee/real-hydro-100-1-8kg,1,14,7.14%,4.14
https://protein.tn/shop/eaa-bcaa-390gr-challenger-nutrition,1,14,7.14%,4.29
https://protein.tn/shop/best-zma-120-caps-scenit-nutrition,1,14,7.14%,6.57
https://protein.tn/shop/citrulline-200g-real-pharm,1,14,7.14%,19.07
https://protein.tn/blog/nutrition-guide-complet-pour-une-sante-optimale,1,14,7.14%,23.07
https://protein.tn/shop/hack-squat-machine-trainer-multi-fonctionnel-leg-fesses-trainer,1,14,7.14%,23.43
https://protein.tn/shop/pack-prise-de-masse,1,14,7.14%,31.86
https://protein.tn/shop/rameur-assis-machine,1,13,7.69%,8.46
https://protein.tn/shop/machine-poulie,1,13,7.69%,8.62
https://protein.tn/shop/100-whey-protein-2kg-ostrovit,1,13,7.69%,8.85
https://protein.tn/shop/layers-dumbbell-rack-mnd-fitness,1,13,7.69%,10.15
https://protein.tn/eaa/mr-x-eaa-360g-v-shape,1,13,7.69%,19.38
https://protein.tn/shop/banc-multi-reglable,1,13,7.69%,26.54
https://protein.tn/shop/micronised-creatine-317g-tunisie-purete-99-meilleur-prix,1,12,8.33%,5.17
https://protein.tn/shop/banc-abdominal-reglable,1,12,8.33%,9.42
https://protein.tn/shop/nitrotech-whey-protein-1-81-kg-muscletech,1,12,8.33%,11.58
https://protein.tn/shop/citrulline-malate-210g-ostrovit,1,12,8.33%,12.33
https://protein.tn/blog/proteine-vegetale-pourquoi-choisir-des-proteines-vegetales-pour-votre-sante-et-vos-performances,1,12,8.33%,16.17
https://protein.tn/soul-project,1,12,8.33%,17.42
https://protein.tn/shop/isotope-100-whey-isolate-2-2kg,1,12,8.33%,29
https://protein.tn/l-carnitine/l-carnitine-2000-355ml,1,12,8.33%,35
https://protein.tn/shop/glutamine-300g-yava-labs,1,11,9.09%,6.18
https://protein.tn/shop/bande-genoux,1,11,9.09%,6.55
https://protein.tn/brand/invictus,1,11,9.09%,7.09
https://protein.tn/shop/opti-women-60caps,1,11,9.09%,9.18
https://protein.tn/shop/pack-muscle-sec,1,11,9.09%,13
https://protein.tn/blog/materiel-de-musculation-en-tunisie-quel-prix-pour-equiper-votre-espace-d-entrainement,1,11,9.09%,13.18
https://protein.tn/proteines-multi-sources/pack-seche-extreme,1,11,9.09%,20.45
https://protein.tn/whey-proteine/whey-gold-standard-908g,1,11,9.09%,21.36
https://protein.tn/shop/zma-advanced-60caps-ostrovit,1,11,9.09%,22.36
https://protein.tn/shop/flat-bench-mnd-fitness,1,11,9.09%,27.45
https://protein.tn/bruleurs-de-graisse/animal-cuts-42-doses,1,11,9.09%,30.82
https://protein.tn/shop/gain-bolic-6000-6-8-kg,1,11,9.09%,31.18
"https://protein.tn/blog/بناء العضلات للمبتدئين: برنامج تدريب وتغذية خطوة 
بخطوة",1,10,10%,6.4
https://protein.tn/category/vitamines,1,10,10%,7.3
https://protein.tn/whey-isolate/zero-isolate-2-kg-hx-nutrition,1,10,10%,13.5
https://protein.tn/bruleurs-de-graisse,1,10,10%,48.9
https://protein.tn/l-arginine/gold-l-arginine-120-caps-kevin-levrone,1,9,11.11%,4.33
https://protein.tn/shop/animal-whey-isolate-loaded-2-27kg/reviews,1,9,11.11%,10.22
https://protein.tn/vitamines/vitamin-complex-sport-120-tablets-sfd-nutrition,1,9,11.11%,11.56
https://protein.tn/dymatize,1,9,11.11%,13.44
https://protein.tn/zma/zma-120-caps,1,9,11.11%,14.33
https://protein.tn/shop/presse-a-biceps,1,9,11.11%,15.78
https://protein.tn/shop/real-whey-2-kg-hx-nutrition/reviews,1,8,12.5%,8.38
https://protein.tn/musculation/poulie-machine,1,8,12.5%,14.25
https://protein.tn/bsn-supplements,1,8,12.5%,16.25
https://protein.tn/ashwagandha/ashwagandha-90-tabs,1,8,12.5%,19.38
https://protein.tn/redcon1,1,7,14.29%,8.86
https://protein.tn/brand/ultimate-nutrition,1,7,14.29%,11.86
https://protein.tn/brand/rule-1,1,7,14.29%,19.43
https://protein.tn/glutamine/glutamine-300g-ostrovit,1,7,14.29%,22
https://protein.tn/blog/materiel-de-musculation-en-tunisie-ou-acheter-sur-tayara-et-pourquoi-choisir-protein-tn,1,7,14.29%,47.71
https://protein.tn/shop/premium-isolate-protein-matrix-2-kg-victor-martinez/reviews,1,7,14.29%,49.29
https://protein.tn/shop/hack-squat-jx-fitness,1,6,16.67%,4
https://protein.tn/shop/big-ramy-labs-bcaa-300g/reviews,1,6,16.67%,4.83
https://protein.tn/shop/clear-beef-1800g-william-bonac,1,6,16.67%,7.33
https://protein.tn/shop/pre-workout-born-rage-original-eric-favre,1,6,16.67%,8.17
https://protein.tn/shop/vitamin-forte-120-caps-ostrovit,1,6,16.67%,8.83
https://protein.tn/brand/william-bonac,1,6,16.67%,9.17
https://protein.tn/cardio-fitness/exercise-spin-bike,1,6,16.67%,26.5
https://protein.tn/blog/les-bienfaits-de-la-creatine-monohydrate-pour-les-sportifs-tunisiens,1,6,16.67%,46.5
https://protein.tn/bruleurs-de-graisse/animal-cuts-42doses,1,5,20%,31
https://protein.tn/shop/l-glutamine-gluta-pure-400g,1,5,20%,38.2
https://protein.tn/shop/test-hd-elite-120-caps,1,5,20%,41.8
https://protein.tn/shop/vitamin-forte-120-caps-ostrovit/reviews,1,4,25%,4
https://protein.tn/brand/mutant,1,4,25%,6.25
https://protein.tn/galvanize-chrome,1,4,25%,8.5
https://protein.tn/shop/animal-cuts-no-stim-powder-42-doses,1,4,25%,10.75
https://protein.tn/product/100-whey-protein-2kg-ostrovit,1,3,33.33%,1.67
https://protein.tn/brand/jx-fitness,1,3,33.33%,3
https://protein.tn/shop/iso-sensation-93-2-27kg/reviews,1,3,33.33%,7.67
https://protein.tn/boosters-hormonaux/animal-stak-23packs,1,3,33.33%,12.33
https://protein.tn/post-workout,1,3,33.33%,15
https://protein.tn/shop/banc-lateral,1,3,33.33%,30.33
https://protein.tn/brand/yava-labs,1,3,33.33%,32
https://protein.tn/brand/kevin-levrone,1,2,50%,2
https://protein.tn/login,1,2,50%,3.5
https://protein.tn/shop/gsn-creatine-monohydrate-200g/reviews,1,2,50%,4
https://protein.tn/shop/l-glutamine-gluta-pure-400g/reviews,1,2,50%,5
https://protein.tn/shop/eaa-complex-300gr-yava-labs,1,2,50%,32
https://protein.tn/category/equipements-et-accessoires-sportifs,1,2,50%,60
https://protein.tn/shop/l-carnitine-2000-355ml/reviews,1,1,100%,1
https://protein.tn/shop/pure-cla-1000-90-softgels/reviews,1,1,100%,2
https://protein.tn/shop/banc-plat-olympique,1,1,100%,13
https://protein.tn/glucides,1,1,100%,24
https://protein.tn/blog/proteine-c-reactive-crp-definition-role-et-importance-pour-la-sante,0,623,0%,53.94
https://protein.tn/blog/أفضل أنواع البروتين للعضلات,0,353,0%,24.39
https://protein.tn/blog/proteines-vegetales-et-musculation-sont-elles-efficaces-pour-la-prise-de-masse,0,328,0%,32.41
https://protein.tn/blog/proteine-pour-cheveux-nourrissez-et-renforcez-votre-chevelure-protein-tn,0,275,0%,37.08
https://protein.tn/blog/proteine-de-cheveux-un-allie-essentiel-pour-des-cheveux-forts-et-sains,0,268,0%,30.02
https://protein.tn/beaute-cheveux,0,238,0%,47.06
https://protein.tn/blog/whey-proteine-danger-mythe-ou-realite-tout-ce-que-vous-devez-savoir,0,235,0%,37.55
https://protein.tn/shop/gsn-creatine-monohydrate-200g,0,230,0%,7.9
https://protein.tn/blog/tout-savoir-sur-la-creatine-questions-frequentes,0,206,0%,64.95
https://protein.tn/offres,0,187,0%,52.5
https://protein.tn/blog/parapharmacie-tunisie-ou-acheter-en-ligne-et-en-magasin-a-tunis-sfax-sousse-monastir-bizerte,0,176,0%,54.31
https://protein.tn/blog/أفضل مصادر البروتين النباتي وما أهميته,0,175,0%,10.96
https://protein.tn/shop?search=%7Bsearch_term_string%7D,0,169,0%,75.89
https://protein.tn/blog/فوائد المكملات الغذائية وأضرارها وكيف تستخدمها بحكمة,0,166,0%,11.05
https://protein.tn/blog/creatine-roles-et-bienfaits,0,161,0%,31.42
https://protein.tn/blog/protein-whey-arabic-guide,0,159,0%,10.57
https://protein.tn/blog/omega-3-c-est-quoi-et-pourquoi-sont-ils-essentiels-pour-votre-sante,0,155,0%,44.56
https://protein.tn/blog/creatine-monohydrate-le-guide-complet-pour-une-performance-maximale,0,155,0%,59.36
https://protein.tn/blog/creatine-guide-complet-pour-ameliorer-vos-performances-sportives,0,151,0%,73.42
https://protein.tn/blog/les-meilleurs-types-de-proteines-pour-la-musculation-guide-complet,0,148,0%,42.84
https://protein.tn/blog/nutrition-sportive-le-guide-ultime-pour-ameliorer-vos-performances-sportives,0,148,0%,64.72
https://protein.tn/caseine,0,141,0%,27.77
https://protein.tn/blog/complement-alimentaire-definition-bienfaits-et-guide-d-achat,0,135,0%,30.26
https://protein.tn/blog/creatine-danger-est-ce-que-la-creatine-est-risquee-pour-la-sante,0,131,0%,50.34
https://protein.tn/blog/مصادر البروتين الطبيعية: ما هي؟,0,117,0%,8.74
https://protein.tn/blog/mass-gainer-tout-savoir-sur-ce-complement-pour-la-prise-de-masse,0,113,0%,51.79
https://protein.tn/blog,0,111,0%,19.71
https://protein.tn/blog/mass-gainer-le-guide-ultime-pour-choisir-le-meilleur-complement-pour-la-prise-de-masse-musculaire,0,108,0%,39.81
https://protein.tn/blog/les-effets-de-la-creatine-bienfaits-et-precautions,0,108,0%,68.76
https://protein.tn/blog/les-bienfaits-de-la-creatine-pour-la-musculation,0,97,0%,49.18
https://protein.tn/blog/creatine-roles-bienfaits-et-utilisation-dans-le-sport,0,96,0%,25.58
https://protein.tn/blog/mass-gainer-prix-tunisie,0,90,0%,42.93
https://protein.tn/blog/quelles-sont-les-meilleures-proteines-en-poudre,0,90,0%,55.81
https://protein.tn/blog/proteine-whey-tunisie-guide-complet-2025,0,88,0%,9.31
https://protein.tn/blog/whey-proteine-c-est-quoi-tout-savoir-sur-cette-proteine-incontournable,0,86,0%,52.22
https://protein.tn/blog/les-bienfaits-de-la-creatine-pour-la-musculation-et-la-performance,0,81,0%,79.2
https://protein.tn/blog/creatine-prix-tunisie-trouvez-la-meilleure-offre-pour-maximiser-vos-gains,0,79,0%,17.38
https://protein.tn/shop?search=GAINER&sort=relevance,0,79,0%,88.49
https://protein.tn/blog/ما هو أفضل بروتين طبيعي للجسم؟,0,78,0%,19.62
https://protein.tn/creatine/creatine-monohydrate-500gr-real-pharm,0,77,0%,25.64
"https://protein.tn/blog/نظام غذائي عالي البروتين لزيادة الكتلة العضلية بدون 
دهون",0,76,0%,10.45
https://protein.tn/shop/big-ramy-labs-creatine-300g,0,75,0%,7.44
https://protein.tn/blog/whey-proteine-tout-savoir-sur-la-meilleure-source-de-proteines-pour-la-musculation,0,75,0%,51.21
https://protein.tn/musculation/machine-d-extension-des-jambes,0,74,0%,7.68
https://protein.tn/blog/omega-3-les-bienfaits-incontournables-pour-la-sante-et-la-performance-sportive-protein-tn,0,74,0%,76.64
https://protein.tn/blog/creatine-prix-tunisie-guide-complet-des-meilleurs-produits-en-2025,0,71,0%,9.49
https://protein.tn/shop/tribulus-terrestris-90-60-caps-ostrovit,0,70,0%,14.29
https://protein.tn/musculation/presse-cuisse,0,69,0%,6.86
https://protein.tn/shop/elite-arginine-120-capsulas,0,68,0%,11.4
https://protein.tn/mass-gainers/gsn-big-mass-gainer-3kg,0,67,0%,24.15
https://protein.tn/blog/omega-3-tunisie,0,67,0%,72.24
https://protein.tn/l-arginine/elite-arginine-120-capsulas,0,66,0%,15.61
https://protein.tn/shop/tapis-roulant-professionnel-mnd-fitness,0,64,0%,10.69
https://protein.tn/category/proteines,0,62,0%,27.24
https://protein.tn/glucides/carbox-1kg-biotechusa,0,61,0%,17.18
https://protein.tn/blog/omega-3-aliments-quels-sont-les-meilleurs-sources-pour-votre-sante,0,59,0%,72.98
https://protein.tn/accessoires/gants-de-musculation,0,57,0%,11.44
https://protein.tn/blog/quel-est-le-prix-de-la-proteine-en-tunisie,0,56,0%,10.59
https://protein.tn/category/proteines-pour-cheveux,0,56,0%,43.32
https://protein.tn/blog/tout-savoir-sur-les-complements-de-creatine-benefices-et-utilisation,0,56,0%,65.8
https://protein.tn/category/proteine,0,55,0%,63.71
https://protein.tn/shop/best-creatine-500g-scenit-nutrition,0,54,0%,6.93
https://protein.tn/shop/presse-cuisse,0,54,0%,9.24
https://protein.tn/blog/creatine-a-quoi-ca-sert-et-pourquoi-en-prendre,0,54,0%,46.81
https://protein.tn/blog/proteine-definition-bienfaits-et-guide-complet,0,53,0%,39.34
https://protein.tn/challenger-nutrition,0,49,0%,9.98
https://protein.tn/zinc/zinc-chelate-biotech-usa,0,49,0%,19.24
https://protein.tn/blog/whey-protein-gold-standard-la-reference-ultime-pour-les-sportifs-en-tunisie,0,49,0%,21.96
https://protein.tn/vitamines/vitamax-men-60tabs-real-pharm,0,48,0%,7.19
https://protein.tn/blog/quelles-proteines-pour-les-reins,0,48,0%,29.12
https://protein.tn/shop/zinc-90-tab-real-pharm,0,47,0%,13.45
https://protein.tn/blog/proteines-tunisie,0,47,0%,13.77
https://protein.tn/blog/whey-protein-isolate-la-meilleure-proteine-pour-la-prise-de-muscle-et-la-definition,0,47,0%,40.57
https://protein.tn/blog/multivitamines-pour-sportifs-pourquoi-et-comment-les-choisir,0,45,0%,18.8
https://protein.tn/blog/gold-standard-whey-d-optimum-nutrition-la-proteine-de-reference-pour-les-sportifs,0,44,0%,17.93
https://protein.tn/blog/whey-protein-questions-and-reponses-pour-tout-comprendre,0,44,0%,22.14
https://protein.tn/citrulline/citrulline-malate-210g-ostrovit,0,44,0%,25.32
https://protein.tn/politique-des-cookies,0,43,0%,3.53
https://protein.tn/blog/whey-proteine-guide-complet-pour-les-athletes-et-les-amateurs-de-fitness,0,43,0%,38.3
https://protein.tn/shop/best-collagen-premium-350g-scenit-nutrition,0,42,0%,5.98
https://protein.tn/shop/machine-d-extension-des-jambes,0,42,0%,7.29
https://protein.tn/blog/protein-the-essential-guide-to-its-benefits-sources-and-role-in-health,0,42,0%,21.93
https://protein.tn/blog/meilleure-proteine-whey-2026,0,41,0%,6.49
https://protein.tn/blog/eaa-vs-bcaa-le-match-nul,0,41,0%,29.88
https://protein.tn/shop?brand=8,0,39,0%,2.87
https://protein.tn/brand/challenger-nutrition,0,39,0%,6.69
https://protein.tn/beta-alanine/beta-alanine-300g-real-pharm,0,39,0%,8.31
https://protein.tn/blog/whey-gold-standard-la-meilleure-proteine-en-2025,0,37,0%,10.19
https://protein.tn/equipement,0,37,0%,10.49
https://protein.tn/shop/anabolic-l-carnitine-3000-mg-500-ml,0,37,0%,38.81
https://protein.tn/blog/هل تُغني المكملات الغذائية عن الطعام؟,0,36,0%,25.92
https://protein.tn/proteines-multi-sources,0,35,0%,69.31
https://protein.tn/creatine/creatine-monohydrate-500g-v-shape-supps,0,34,0%,7.12
https://protein.tn/creatine/gsn-creatine-monohydrate-500g,0,34,0%,27.18
https://protein.tn/shop/iso-sensation-93-910g,0,33,0%,18.39
https://protein.tn/blog/proteine-whey-tunisie-le-guide-ultime-pour-musculation-et-recuperation,0,33,0%,20.7
https://protein.tn/shop/mega-omega-3-90-caps-biotech,0,33,0%,24.45
https://protein.tn/shop/pure-whey-isolate-95-2-2kg,0,33,0%,25.21
https://protein.tn/blog/whey-proteine-le-guide-ultime-pour-optimiser-votre-prise-de-masse,0,33,0%,33
https://protein.tn/shop?search=WHEY PROTEIN,0,33,0%,78.24
https://protein.tn/blog/parapharmacie-naturelle-les-meilleurs-produits-de-sante-et-bien-etre-naturels-sur-protein-tn,0,32,0%,10.78
https://protein.tn/shop/multivitamin-for-men-60-tablets-biotech-usa,0,32,0%,23.88
https://protein.tn/blog/complement-alimentaire-pour-cheveux-comment-stimuler-la-croissance-et-preserver-la-sante-de-vos-cheveux,0,32,0%,63.69
https://protein.tn/blog/creatine-monohydrate-en-tunisie-avantages-effets-secondaires-dosages-protein-tn,0,32,0%,70.5
https://protein.tn/musculation/machine-a-squat,0,31,0%,5.74
https://protein.tn/performance,0,31,0%,9.32
https://protein.tn/shop/real-hydro-100-1-8kg,0,31,0%,9.71
https://protein.tn/blog/كرياتين مونوهيدرات,0,31,0%,21.55
https://protein.tn/mass-gainers/pack-prise-de-masse,0,31,0%,34.68
https://protein.tn/category/prise-de-masse,0,31,0%,35.77
https://protein.tn/category/gainers-riches-en-proteines,0,31,0%,52.1
https://protein.tn/shop/gsn-nitro-whey-2kg/reviews,0,30,0%,13.67
https://protein.tn/whey-proteine/gsn-nitro-whey-2kg,0,30,0%,21.73
https://protein.tn/blog/les-bienfaits-des-omega-3-pourquoi-ajouter-des-omega-3-a-votre-alimentation,0,30,0%,61.13
https://protein.tn/omega-3/omega-3-90-capsules-ostrovit,0,29,0%,8.55
https://protein.tn/blog/meilleur-site-pour-acheter-des-proteines-en-tunisie-pourquoi-protein-tn-est-n-1,0,29,0%,10.14
https://protein.tn/shop/whey-gold-standard-908g,0,29,0%,12.48
https://protein.tn/mr-x-v-shape-supps,0,28,0%,9.14
https://protein.tn/blog/prix-proteine-tunisie-guide-complet-pour-trouver-les-meilleures-offres-en-2025,0,28,0%,16.5
https://protein.tn/gainers-proteines,0,28,0%,33.75
https://protein.tn/category/t-shirts-de-sport,0,28,0%,46.18
https://protein.tn/shop/real-whey-2-kg-hx-nutrition,0,27,0%,28.7
https://protein.tn/musculation/multi-reglable-bench-mnd-fitness,0,27,0%,37.7
https://protein.tn/tribulus/tribulus-maximus-90tabs-biotech-usa,0,27,0%,50.44
https://protein.tn/shop/instant-mass-7kg-scenit-nutrition,0,26,0%,17.5
https://protein.tn/quamtrax,0,26,0%,22.12
https://protein.tn/blog/regime-keto-tout-savoir-sur-le-regime-cetogene-dit-keto-protein-tn,0,26,0%,22.85
https://protein.tn/activlab,0,25,0%,11.4
https://protein.tn/blog/هل المكملات تعوض الغذاء الطبيعي؟ رأي الخبراء,0,25,0%,17.36
https://protein.tn/mass-gainers/max-mass-3xl-6kg,0,25,0%,29.24
https://protein.tn/blog/creatine-tunisie-le-guide-complet-pour-choisir-le-meilleur-complement-et-optimiser-vos-resultats,0,25,0%,51
https://protein.tn/category/collagene,0,25,0%,51.04
https://protein.tn/shop/ceinture-dos-de-musculation,0,24,0%,10.58
https://protein.tn/shop/mass-gainer-zero-7kg-eric-favre,0,24,0%,15.21
https://protein.tn/blog/est-il-bon-de-prendre-de-la-whey-proteine-tous-les-jours,0,24,0%,27.58
https://protein.tn/omega-3/omega-3-90-softgels-ultimate-nutrition,0,24,0%,28.29
https://protein.tn/blog/omega-3-en-tunisie-bienfaits-sources-et-ou-les-acheter-protein-tn,0,24,0%,41.83
https://protein.tn/mineraux,0,23,0%,3.83
https://protein.tn/shop/vitamin-d3-k2-90-tabs-real-pharm,0,23,0%,7.39
https://protein.tn/gainers-proteines/instant-mass-7kg-scenit-nutrition,0,23,0%,7.83
https://protein.tn/blog/equipements-cardio-tunisie,0,23,0%,9.57
https://protein.tn/shop/anabolic-whey-80-2-25kg-proactive/reviews,0,23,0%,26.3
https://protein.tn/page/politique-de-remboursement,0,22,0%,7.73
https://protein.tn/eaa/beef-aminos-200-tabs,0,22,0%,12.68
https://protein.tn/blog/bcaa-ou-proteines-quel-complement-choisir-pour-vos-objectifs,0,22,0%,25.45
https://protein.tn/shop?search=MASS GAINER,0,22,0%,70.95
https://protein.tn/blog/whey-protein-pourquoi-la-gold-standard-100-whey-est-elle-la-meilleure,0,21,0%,9.14
https://protein.tn/blog/مصادر البروتين الطبيعية: ما هي؟,0,21,0%,10.95
https://protein.tn/shop/max-mass-3xl-6kg,0,21,0%,14.48
https://protein.tn/creatine/creatine-monohydrate-150gr-real-pharm,0,21,0%,15.43
https://protein.tn/glucides/carbo-one-1-kg,0,21,0%,22.1
https://protein.tn/shop?brand=9,0,21,0%,84.67
https://protein.tn/shop/machine-a-cuisses-interieure-et-exterieure-selective,0,20,0%,4.55
https://protein.tn/brand/mr-x-v-shape-supps,0,20,0%,7.9
https://protein.tn/brand/gsn-great-sport-nutrition,0,20,0%,11.3
https://protein.tn/shop/creatine-monohydrate-500gr-hx-nutrition,0,20,0%,14.6
https://protein.tn/shop/iso-whey-2-kg-hx-nutrition,0,20,0%,20.2
https://protein.tn/universal-nutrition,0,20,0%,28.1
https://protein.tn/ashwagandha,0,20,0%,35.5
https://protein.tn/blog/cosmetiques-bio-decouvrez-les-meilleurs-produits-naturels-pour-votre-peau,0,20,0%,50.35
https://protein.tn/sante-vitalite,0,19,0%,8.32
https://protein.tn/blog/les-complements-alimentaires-proteines-mode-d-emploi,0,19,0%,11.53
https://protein.tn/shop/pulldown-machine-mnd-fitness,0,19,0%,13.26
https://protein.tn/shop/omega-3-90-capsules-ostrovit,0,19,0%,16.74
https://protein.tn/shop/gsn-big-mass-gainer-6kg,0,19,0%,27.11
https://protein.tn/faqs,0,18,0%,2.39
https://protein.tn/shop/100-whey-protein-2kg-ostrovit/reviews,0,18,0%,6.83
https://protein.tn/whey-proteine/100-whey-protein-2kg-ostrovit,0,18,0%,7.94
https://protein.tn/category/bcaa,0,18,0%,15.11
https://protein.tn/shop/xtend-bcaa-420g,0,18,0%,16.78
https://protein.tn/category/gainers-haute-energie,0,18,0%,57.39
https://protein.tn/shop?search=CREATINE,0,18,0%,65.83
https://protein.tn/shop/tribulus-maximus-90tabs-biotech-usa,0,18,0%,82.28
https://protein.tn/musculation/machine-a-mouches-papillons-pec-selective,0,17,0%,6.29
https://protein.tn/shop/collagen-marine-300g-real-pharm/reviews,0,17,0%,7.88
https://protein.tn/whey-isolate/pack-muscle-sec,0,17,0%,9.12
https://protein.tn/category/hmb,0,17,0%,11.71
https://protein.tn/category/eaa,0,17,0%,15.82
https://protein.tn/omega-3/omega-3,0,17,0%,23.88
https://protein.tn/whey-proteine/nitro-tech-whey-gold-2-3kg,0,17,0%,39.82
https://protein.tn/shop?search=GAINER,0,17,0%,40.82
https://protein.tn/shop/carbo-z-mass-gainer-3-kg-sotek-nutrition/reviews,0,16,0%,7
https://protein.tn/fa-engineered-nutrition,0,16,0%,8.5
https://protein.tn/blog/deficit-calorique-le-guide-ultime-pour-perdre-du-poids,0,16,0%,14.06
https://protein.tn/shop/pack-premium-elite,0,15,0%,4.4
https://protein.tn/brand/activlab,0,15,0%,5.2
https://protein.tn/shop/machine-a-mollet-jx-fitness,0,15,0%,6.73
https://protein.tn/shop/whey-protein-complex-100-2-27kg,0,15,0%,7.93
https://protein.tn/shop/l-arginine-300g-biotech-usa,0,15,0%,11.67
https://protein.tn/blog/parapharmacie-tout-savoir-sur-les-produits-essentiels-pour-votre-bien-etre,0,15,0%,13.47
https://protein.tn/brand/scitec-nutrition,0,15,0%,14.6
https://protein.tn/shop/the-pump-extreme-pre-workout-challenger-nutrition,0,15,0%,24.53
https://protein.tn/shop/nitro-tech-whey-gold-2-3kg,0,15,0%,30.4
https://protein.tn/shop/page/3?orderby=popularity,0,15,0%,57.27
https://protein.tn/blog/top-5-des-complements-alimentaires-essentiels-pour-la-musculation-en-tunisie,0,15,0%,57.33
https://protein.tn/shop?search=MASS GAINER,0,15,0%,72.47
https://protein.tn/Intra-Workout,0,14,0%,3.86
https://protein.tn/product/amino-target-xplode-275-g,0,14,0%,5.21
https://protein.tn/shop/biotyna-60-caps-real-pharm,0,14,0%,5.5
https://protein.tn/blog/المكملات الغذائية والنساء: ما تحتاج معرفته كل امرأة,0,14,0%,5.71
https://protein.tn/shop/animal-whey-isolate-loaded-2-27kg,0,14,0%,7
https://protein.tn/shop/zma-60-capsules-hx-nutrition,0,14,0%,7.29
https://protein.tn/shop/protein-vegan-1-5kg-eric-favre,0,14,0%,7.57
https://protein.tn/blog/كيف تختار أفضل مكمل بروتين ليناسب أهدافك الرياضية؟,0,14,0%,7.79
https://protein.tn/shop/creatine-monohydrate-500gr-hx-nutrition/reviews,0,14,0%,8.14
https://protein.tn/shop/gsn-creatine-monohydrate-500g/reviews,0,14,0%,8.36
https://protein.tn/shop/muscle-on-1kg-real-pharm,0,14,0%,8.86
https://protein.tn/gainers-proteines/pack-prise-de-masse-pro,0,14,0%,10.21
https://protein.tn/beta-alanine/beta-alanine-300-g-scenit-nutrition,0,14,0%,11.29
https://protein.tn/shop/opti-women-120caps,0,14,0%,18
https://protein.tn/shop/station-de-traction-et-de-trempage-selective,0,14,0%,22.86
https://protein.tn/shop/machine-a-mouches-papillons-pec-selective,0,14,0%,24.14
https://protein.tn/caseine/prostar-r-100-casein-protein-907g,0,14,0%,26.07
https://protein.tn/blog/proteine-pour-la-musculation-guide-complet-pour-une-prise-de-masse-optimale,0,14,0%,52.79
https://protein.tn/blog/protein-tn-votre-destination-de-confiance-pour-la-nutrition-sportive-et-les-complements-alimentaires-en-tunisie,0,14,0%,54.5
https://protein.tn/blog/omega-3-tunisie-bienfaits-sources-et-ou-les-acheter-au-meilleur-prix,0,14,0%,60.14
https://protein.tn/blog/creatine-et-musculation-en-tunisie-temoignages-et-avis-d-athletes,0,13,0%,4.77
https://protein.tn/musculation/machine-a-mollet-jx-fitness,0,13,0%,5.85
https://protein.tn/materiel-de-musculation/leg-press-machine,0,13,0%,6.15
https://protein.tn/shop/creatine-monohydrate-150gr-real-pharm,0,13,0%,7.31
https://protein.tn/shop/carbo-plus-1kg-universal,0,13,0%,7.92
https://protein.tn/shop/omega-3-6-9-90-gelules,0,13,0%,8.15
https://protein.tn/brand/dymatize,0,13,0%,9.15
https://protein.tn/yava-labs,0,13,0%,13.85
https://protein.tn/brand/biotech-usa,0,13,0%,19.62
https://protein.tn/shop/glutamine-500g-real-pharm,0,13,0%,26.46
https://protein.tn/glutamine/l-glutamine-gluta-pure-400g,0,13,0%,28
https://protein.tn/proteine-de-boeuf/pack-ultimate-muscle,0,13,0%,37.54
https://protein.tn/blog/proteine-whey-tunisie-le-guide-ultime-pour-choisir-la-proteine-qui-vous-convient-protein-tn,0,13,0%,94.23
https://protein.tn/blog/les-meilleures-sources-de-proteines-animales-et-vegetales-a-integrer-protein-tn,0,12,0%,4.25
https://protein.tn/beaute-cheveux/biotyna-60-caps-real-pharm,0,12,0%,4.58
https://protein.tn/pre-workout/victor-martinez-break-out-pre-workout,0,12,0%,5.83
https://protein.tn/shop/animal-stak-23packs/reviews,0,12,0%,7.33
https://protein.tn/shakers-et-bouteilles-sportives/protein-shaker-450ml-sport-life,0,12,0%,8
https://protein.tn/musculation/machine-de-traction-laterale-selective,0,12,0%,8.17
https://protein.tn/shop/vita-x-90-tabs-multivitamines,0,12,0%,18.5
https://protein.tn/shop/tribulus-60caps-real-pharm,0,12,0%,23.92
https://protein.tn/pre-workout/behemoth-preworkout-500g,0,12,0%,26.42
https://protein.tn/shop/carbo-one-1-kg,0,12,0%,29.58
https://protein.tn/blog/questions-reponses-complement-alimentaire,0,12,0%,46
https://protein.tn/shop?search=CREATINE&sort=relevance,0,12,0%,81.58
https://protein.tn/blog/proteine-whey-pourquoi-choisir-la-whey-protein-pour-votre-entrainement,0,12,0%,81.67
https://protein.tn/glutamine/red-rex-glutamine-300gr-big-ramy-labs,0,11,0%,3.36
https://protein.tn/whey-proteine/compact-whey-gold-2kg-galvanize-chrome,0,11,0%,4.73
https://protein.tn/blog/comment-maigrir-4-conseils-efficaces-pour-perdre-du-poids-rapidement-protein-tn,0,11,0%,6
https://protein.tn/conditions-generale-de-ventes-protein,0,11,0%,6.64
https://protein.tn/shop/pack-professionnel,0,11,0%,6.64
https://protein.tn/sotek-nutrition,0,11,0%,7.18
https://protein.tn/bcaa/big-ramy-labs-bcaa-300g,0,11,0%,7.91
https://protein.tn/shop/lipo-6-black-ultra-concentrate-60caps/reviews,0,11,0%,8.82
https://protein.tn/vitamines/gold-power-core-multivitamin-120-tablets,0,11,0%,9.18
https://protein.tn/accessoires/shaker-kong-700ml,0,11,0%,16.82
https://protein.tn/shop/real-whey-100-2-250-gr/reviews,0,11,0%,27.27
https://protein.tn/mnd-fitness,0,10,0%,4.6
https://protein.tn/brand/scenit-nutrition,0,10,0%,7.1
https://protein.tn/shop/pure-cla-1000-90-softgels,0,10,0%,9.7
https://protein.tn/shop/shaker-kong-700ml,0,10,0%,28.3
https://protein.tn/shop/machine-de-traction-laterale-selective,0,10,0%,35.7
https://protein.tn/gainers-proteines/pack-gain-musculaire-rapide,0,10,0%,39.5
https://protein.tn/carbohydrates,0,9,0%,5.89
https://protein.tn/shop/beta-alanine-300g-real-pharm,0,9,0%,6.33
https://protein.tn/shop/join-flex-120-tabs,0,9,0%,7
https://protein.tn/musculation/multi-degree-olympic-bench-mnd-fitness,0,9,0%,7.67
https://protein.tn/product/multivitamin-for-men-60-tablets-biotech-usa,0,9,0%,7.67
https://protein.tn/blog/materiel-de-musculation-maison-le-guide-ultime-pour-equiper-votre-espace-d-entrainement-a-domicile,0,9,0%,7.78
https://protein.tn/shop/opti-women-120caps/reviews,0,9,0%,10.44
https://protein.tn/category/tribulus,0,9,0%,11.22
https://protein.tn/shop/hydroxycut-hardcore-elite-100-caps-muscletech,0,9,0%,11.33
https://protein.tn/blog/acheter-proteine-en-ligne-tunisie-guide-pour-les-meilleurs-prix-et-complements,0,9,0%,11.89
https://protein.tn/musculation/banc-abdominal-reglable,0,9,0%,15.33
https://protein.tn/brand/ostrovit,0,9,0%,15.67
https://protein.tn/shop/machine-de-traction-laterale-selective/reviews,0,9,0%,26
https://protein.tn/musculation/banc-reglable-mnd-fitness,0,9,0%,26.11
https://protein.tn/shop/muscle-on-2-27kg-real-pharm,0,9,0%,28.33
https://protein.tn/shop/bcaa-8-1-1-400g-real-pharm,0,9,0%,30.56
https://protein.tn/shop/zero-isolate-2-kg-hx-nutrition,0,9,0%,31
https://protein.tn/page/politique-des-cookies,0,9,0%,39.67
https://protein.tn/blog/les-meilleurs-complements-alimentaires-pour-la-prise-de-masse-en-tunisie-2025,0,9,0%,41.44
https://protein.tn/blog/guide-complet-sur-la-creatine-en-tunisie-tout-ce-que-vous-devez-savoir,0,9,0%,43.22
https://protein.tn/shop?brand=29,0,9,0%,57.11
https://protein.tn/blog/creatine-tunisie-tout-savoir-sur-ce-complement-indispensable,0,9,0%,57.67
https://protein.tn/blog/proteine-en-poudre-le-guide-ultime-pour-booster-vos-performances,0,9,0%,63.33
https://protein.tn/blog/acheter-de-la-creatine-en-tunisie-conseils-pour-les-meilleurs-prix-et-offres,0,8,0%,5.62
https://protein.tn/proteine-whey/prostar-100-whey-protein-907g,0,8,0%,5.75
https://protein.tn/trec-nutrition,0,8,0%,6.88
https://protein.tn/shop/creatine-monohydrate-500g-v-shape-supps/reviews,0,8,0%,8
https://protein.tn/usn-ultimate-sports-nutrition,0,8,0%,8.12
https://protein.tn/cellucor,0,8,0%,8.38
https://protein.tn/shop/omega-3/reviews,0,8,0%,8.75
https://protein.tn/brand/muscletech,0,8,0%,10
https://protein.tn/glutamine/glutamine-300g-yava-labs,0,8,0%,11.38
https://protein.tn/shop/gold-power-core-multivitamin-120-tablets,0,8,0%,13
https://protein.tn/bruleurs-de-graisse/lipo-6-black-intense-60caps,0,8,0%,15.38
https://protein.tn/materiel-de-musculation/8-station-multi-gym,0,8,0%,16
https://protein.tn/shop/animal-stak-23packs,0,8,0%,22.38
https://protein.tn/brand/eric-favre,0,8,0%,23.88
https://protein.tn/omega-3/animal-omega-30packs,0,8,0%,32.88
https://protein.tn/blog/pourquoi-prendre-de-la-whey-proteine,0,8,0%,36.5
https://protein.tn/shop/bouteille-d-eau-1-8-litres,0,8,0%,37
https://protein.tn/shop/massive-gainer-7kg,0,8,0%,37.62
https://protein.tn/blog/creatine-boostez-vos-performances-et-votre-masse-musculaire-protein-tn,0,8,0%,54.88
https://protein.tn/blog/complements-alimentaires-parapharmacie-tout-savoir,0,8,0%,56.38
https://protein.tn/blog/bcaa-avantages-pourquoi-les-acides-amines-branches-sont-essentiels-pour-votre-entrainement,0,8,0%,68
https://protein.tn/blog/les-avantages-de-la-creatine-pour-la-performance-et-la-musculation,0,8,0%,68.88
https://protein.tn/blog/creatine-tunisie-la-meilleure-qualite-a-prix-imbattable-livraison-rapide-and-gratuite-sur-protein-tn,0,7,0%,5.14
https://protein.tn/category/ashwagandha,0,7,0%,5.29
https://protein.tn/shop/glutamine-300g-yava-labs/reviews,0,7,0%,5.86
https://protein.tn/shop/creatine-monohydrate-500gr-real-pharm/reviews,0,7,0%,6
https://protein.tn/blog/energie-et-focus-les-meilleurs-nootropiques-naturels-pour-optimiser-la-performance-sportive,0,7,0%,6.86
https://protein.tn/shop/gsn-big-mass-gainer-3kg/reviews,0,7,0%,7.71
https://protein.tn/hx-nutrition,0,7,0%,8.43
https://protein.tn/shop/xtend-bcaa-420g/reviews,0,7,0%,9.14
https://protein.tn/brand/scivation,0,7,0%,11.86
https://protein.tn/brand/nutragenics,0,7,0%,12.86
https://protein.tn/shop?brand=53,0,7,0%,15.29
https://protein.tn/brand/hx-nutrition,0,7,0%,19.43
https://protein.tn/blog/comment-choisir-la-meilleure-proteine-pour-une-prise-de-masse-efficace,0,7,0%,20
https://protein.tn/shop/banc-incline-olympique,0,7,0%,21.14
https://protein.tn/shop/animal-cuts-42-doses,0,7,0%,21.29
https://protein.tn/mutant,0,7,0%,35.57
https://protein.tn/shop/omega-3-90-softgels-ultimate-nutrition,0,7,0%,41.14
https://protein.tn/shop?search=VITAMINE,0,7,0%,41.29
https://protein.tn/blog/materiel-de-musculation-guide-complet-pour-un-entrainement-efficace,0,7,0%,41.86
https://protein.tn/blog/أفضل المكملات للوقاية من نقص الفيتامينات في الشتاء,0,7,0%,49.71
https://protein.tn/blog/complements-alimentaires-le-guide-ultime-pour-une-utilisation-eclairee-protein-tn,0,7,0%,50.57
https://protein.tn/shop/magnesium-vitamin-b6-90-tablets,0,7,0%,66.57
https://protein.tn/blog/whey-protein-et-entrainement-strategies-pour-des-gains-musculaires-optimaux-protein-tn,0,7,0%,112.86
https://protein.tn/shop/vitamin-c-1000-mg-90-tabs-gymbeam,0,6,0%,1.5
https://protein.tn/brand/soul-project,0,6,0%,3.17
https://protein.tn/shop?brand=3,0,6,0%,3.33
https://protein.tn/shop?brand=51,0,6,0%,4.17
https://protein.tn/gold-s-gym,0,6,0%,5
https://protein.tn/shop/vitamin-complex-sport-120-tablets-sfd-nutrition,0,6,0%,5
https://protein.tn/shop/levro-legendary-mass-3kg/reviews,0,6,0%,5.83
https://protein.tn/blog/comment-utiliser-la-creatine-en-tunisie-pour-maximiser-vos-performances,0,6,0%,8.67
https://protein.tn/shop/vitamin-d3-k2-90-tabs-real-pharm/reviews,0,6,0%,9.17
https://protein.tn/blog/parapharmacie-bio-guide-complet-pour-un-bien-etre-naturel,0,6,0%,10.33
https://protein.tn/blog/guide-complet-des-machines-de-musculation-votre-allie-pour-une-transformation-physique,0,6,0%,12.5
https://protein.tn/shop/lipo-6-black-intense-60caps,0,6,0%,12.5
https://protein.tn/category/zinc,0,6,0%,14.67
https://protein.tn/real-pharm,0,6,0%,14.67
https://protein.tn/politique-de-remboursement,0,6,0%,18.33
https://protein.tn/shop/iso-testo-mr-x-1-8-kg/reviews,0,6,0%,20.33
https://protein.tn/shop/aakg-plus-120caps-ihs,0,6,0%,22.33
https://protein.tn/shop/txt10-hx-nutrition,0,6,0%,25.33
https://protein.tn/shop/ashwagandha-90-tabs,0,6,0%,29.17
https://protein.tn/brand/ihs-technology-supplements,0,6,0%,29.5
https://protein.tn/blog/proteine-de-masse-quelle-est-la-meilleure-proteine-pour-une-prise-de-masse-en-musculation-protein-tn,0,6,0%,31.67
https://protein.tn/shop/rameur-assis-musculation,0,6,0%,31.67
https://protein.tn/shop/gain-bolic-6000-6-8-kg/reviews,0,6,0%,44.83
https://protein.tn/shop/machine-d-extension-arriere-selective,0,6,0%,50.5
https://protein.tn/blog/proteines-eco-responsables-zero-dechet-et-fabriquees-en-tunisie-l-avenir-de-la-nutrition-durable,0,6,0%,54.33
https://protein.tn/shop/l-carnitine-2000-355ml,0,6,0%,56.33
https://protein.tn/musculation/machine-poulie,0,5,0%,3.2
https://protein.tn/shop/pack-gain-musculaire-rapide,0,5,0%,4.4
https://protein.tn/shop/presse-epaules/reviews,0,5,0%,4.4
https://protein.tn/product/animal-cuts-42-doses,0,5,0%,5.4
https://protein.tn/shop/best-creatine-500g-scenit-nutrition/reviews,0,5,0%,6
https://protein.tn/blog/acides-amines-tout-ce-que-vous-devez-savoir-pour-optimiser-votre-sante-et-vos-performances,0,5,0%,7.4
https://protein.tn/brand/api,0,5,0%,7.4
https://protein.tn/musculation/banc-incline-olympique,0,5,0%,7.8
https://protein.tn/shop/gut-blaster-ab-slings,0,5,0%,7.8
https://protein.tn/shop/omega-3-90-capsules-ostrovit/reviews,0,5,0%,7.8
https://protein.tn/shop/glutamine-500g-real-pharm/reviews,0,5,0%,8.2
https://protein.tn/shop/best-collagen-premium-350g-scenit-nutrition/reviews,0,5,0%,8.6
https://protein.tn/blog/whey-proteine-pure-concentre-de-lactoserum-pour-performance-musculaire-et-recuperation-optimale-protein-tn,0,5,0%,8.8
https://protein.tn/category/complements-alimentaires,0,5,0%,14.6
https://protein.tn/brand/galvanize-chrome,0,5,0%,24.4
https://protein.tn/brand/real-pharm,0,5,0%,24.6
https://protein.tn/musculation/banc-d-extension-de-dossier,0,5,0%,26.4
https://protein.tn/shop/animal-pak-44-scoops-powder,0,5,0%,37.8
https://protein.tn/shop/banc-de-declin-olympique,0,5,0%,38.4
https://protein.tn/tribulus/tribulus-bulgarian-90caps,0,5,0%,43.6
https://protein.tn/shop/beta-alanine-300-g-scenit-nutrition,0,5,0%,44.2
https://protein.tn/shop/mass-gainer-zero-7kg-eric-favre/reviews,0,5,0%,53
https://protein.tn/shop/levro-legendary-mass-6-8kg-kevin-levrone/reviews,0,5,0%,53.8
https://protein.tn/shop/traction-longue-machine-mnd-fitness,0,5,0%,59.4
https://protein.tn/blog/whey-protein-votre-alliee-incontournable-pour-la-performance-et-la-recuperation-protein-tn,0,5,0%,67.6
https://protein.tn/materiel-de-musculation/multi-functional-smith-machine-mnd-fitness,0,4,0%,2.5
https://protein.tn/musculation/banc-lateral,0,4,0%,4.75
https://protein.tn/shop/gant-de-fitness/reviews,0,4,0%,4.75
https://protein.tn/shop/zma-60-capsules-hx-nutrition/reviews,0,4,0%,5.25
https://protein.tn/musculation/hack-squat-machine-trainer-multi-fonctionnel-leg-fesses-trainer,0,4,0%,7
https://protein.tn/blog/parapharmacie-en-ligne-achetez-vos-produits-de-bien-etre-en-toute-serenite,0,4,0%,7.5
https://protein.tn/blog/guide-complet-du-materiel-de-musculation-choisir-les-meilleurs-equipements-pour-vos-entrainements,0,4,0%,8.5
https://protein.tn/shop/animal-cuts-42-sachets,0,4,0%,9.75
https://protein.tn/blog/meilleurs-complements-pour-sportifs-protein-tn,0,4,0%,10
https://protein.tn/brand/cellucor,0,4,0%,11.25
https://protein.tn/vetements,0,4,0%,11.75
https://protein.tn/category/acides-amines,0,4,0%,14.25
https://protein.tn/l-arginine/aakg-plus-120caps-ihs,0,4,0%,15.5
https://protein.tn/brand/universal-nutrition,0,4,0%,17.75
https://protein.tn/jnx-sports,0,4,0%,20
https://protein.tn/shop/gold-creatine-300g/reviews,0,4,0%,21
https://protein.tn/shop/zma-120-caps,0,4,0%,23
https://protein.tn/accessoires/shaker-universal-nutrition-700ml,0,4,0%,23.5
https://protein.tn/shop/boucle-de-predicateur,0,4,0%,24.5
https://protein.tn/shop/banc-d-epaule-olympique,0,4,0%,28
https://protein.tn/blog/nutrition-et-alimentation-les-bases-pour-une-vie-saine-et-active,0,4,0%,32.5
https://protein.tn/whey-hydrolysee/pack-premium-elite,0,4,0%,38
https://protein.tn/brand/nutrex-research,0,4,0%,38.5
https://protein.tn/category/complements-d-entrainement,0,4,0%,40.25
https://protein.tn/zma/zma-advanced-60caps-ostrovit,0,4,0%,41.25
https://protein.tn/shop/whey-protein-hd-1-9-kg,0,4,0%,53.25
https://protein.tn/shop/carbox-1kg-biotechusa/reviews,0,4,0%,54.75
https://protein.tn/musculation/banc-de-declin-olympique,0,4,0%,56
https://protein.tn/glutamine/glutamine-500g-real-pharm,0,4,0%,59.25
https://protein.tn/shop/animal-cuts-42doses,0,4,0%,63.5
https://protein.tn/shop/pure-creatine-300-gr/reviews,0,4,0%,64.75
https://protein.tn/shop/station-de-traction-et-de-trempage-selective/reviews,0,4,0%,65.25
https://protein.tn/blog/salle-de-sport-guide-complet-pour-choisir-et-maximiser-votre-entrainement-protein-tn,0,4,0%,80.75
https://protein.tn/blog/perte-de-poids-et-complements-alimentaires-guide-pour-maigrir-rapidement,0,4,0%,129
https://protein.tn/blog/omega-3-bienfaits-pourquoi-ces-acides-gras-sont-ils-essentiels-a-votre-sante,0,4,0%,141
https://protein.tn/brand/sotek-nutrition,0,3,0%,1
https://protein.tn/shop/thunder-gainer-5-4kg-challenger-nutrition/reviews,0,3,0%,1
https://protein.tn/shop/seated-preacher-curl-mnd-fitness,0,3,0%,2.67
https://protein.tn/shop/platinum-creatine-400g-muscletech,0,3,0%,3
https://protein.tn/brand/kong-sport-nutrition,0,3,0%,3.33
https://protein.tn/materiel-de-musculation/support-d-halteres,0,3,0%,3.67
https://protein.tn/musculation/banc-de-musculation-developpe-incline,0,3,0%,4
https://protein.tn/proteines-en-poudre,0,3,0%,4
https://protein.tn/shop/big-whey-2kg-big-ramy-labs/reviews,0,3,0%,5
https://protein.tn/shop/gold-iso-2-kg-kevin-levrone/reviews,0,3,0%,5
https://protein.tn/shop/big-ramy-labs-beef-mass-gainer-4-9kg/reviews,0,3,0%,5.33
https://protein.tn/shop/machine-presse-de-musculation-base-a-terre-siege-incline,0,3,0%,5.33
https://protein.tn/ashwagandha/ashwagandha-100-natural-90tabs,0,3,0%,6
https://protein.tn/shakers-et-bouteilles-sportives,0,3,0%,6
https://protein.tn/materiel-de-musculation/presse-cuisse,0,3,0%,7.33
https://protein.tn/shop/100-whey-gold-standard-4-5kg/reviews,0,3,0%,7.33
https://protein.tn/shop/zinc-90-tab-real-pharm/reviews,0,3,0%,7.67
https://protein.tn/product/gain-bolic-6000-6-8-kg,0,3,0%,8.33
https://protein.tn/brand/applied-nutrition,0,3,0%,9
https://protein.tn/brand/musclepharm,0,3,0%,9.33
"https://protein.tn/blog/Le magnésium : la condition cachée de l’efficacité 
de la créatine",0,3,0%,11.33
https://protein.tn/eaa/eaa-complex-300gr-yava-labs,0,3,0%,13.67
https://protein.tn/shop/pack-seche-extreme,0,3,0%,16.33
https://protein.tn/warrior-supplements,0,3,0%,16.33
https://protein.tn/gainers-haute-energie,0,3,0%,20.67
https://protein.tn/shop/pack-seche-extreme/reviews,0,3,0%,21.33