Top queries,Clicks,Impressions,CTR,Position
sobitas,589,927,63.54%,2.42
protein tunisie,469,2382,19.69%,8.14
proteine tunisie,123,2241,5.49%,12.54
sobitas sousse,98,194,50.52%,1.06
whey protein tunisie,61,1527,3.99%,10.76
creatine tunisie,43,570,7.54%,18.4
serious mass 2.7 kg tunisie prix,42,127,33.07%,2.36
weightworld tunisie,39,346,11.27%,6.55
protein tn,38,321,11.84%,23.56
dymatize iso 100 tunisie,38,276,13.77%,6.7
protein.tn,28,49,57.14%,1
zma tunisie,25,129,19.38%,3.4
protéine tunisie,23,438,5.25%,15.52
x001ame4tn,21,118,17.8%,3.29
serious mass tunisie,20,652,3.07%,9.88
protein,18,865,2.08%,7.84
protein tunisia,18,94,19.15%,6.11
protein powder tunisie,17,259,6.56%,7.18
dip belt tunisie,16,63,25.4%,3.21
thunder gain,13,174,7.47%,3.3
myprotein impact whey tunisie,10,52,19.23%,4.62
mutant mass tunisie,9,152,5.92%,7.02
dymatize iso 100 prix tunisie,9,131,6.87%,7.86
x001vr2f2f,9,100,9%,4.33
proteine sousse,9,79,11.39%,2.13
protein sousse,8,86,9.3%,1.9
whey tunisie,7,347,2.02%,15.18
dymatize super mass gainer tunisie,7,29,24.14%,5.66
weightworld omega 3 tunisie,6,94,6.38%,7.06
myprotein tunisie,6,94,6.38%,7.36
iso 100 dymatize tunisie,6,56,10.71%,7.25
carbo big,6,54,11.11%,3.15
whey gold standard 4.5kg prix tunisie,6,27,22.22%,7.81
levro legendary mass 3kg,6,26,23.08%,3.88
whey proteine tunisie,5,100,5%,16.73
protéines tunisie,5,88,5.68%,13.65
protein tunis,5,33,15.15%,1.82
full mass,5,24,20.83%,6.21
all in isolate,5,23,21.74%,1.83
impact whey protein,4,489,0.82%,9.36
whey protein prix tunisie,4,215,1.86%,10.17
challenger nutrition,4,136,2.94%,5.83
whey isolate tunisie,4,80,5%,13.1
pack protein tunisie,4,70,5.71%,12.4
shaker tunisie,4,49,8.16%,13.96
beef protein tunisie,4,48,8.33%,16.1
beta alanine tunisie,4,46,8.7%,10.02
hmb tunisie,4,41,9.76%,6.88
protein powder tunisia,4,39,10.26%,9.79
dymatize tunisie,4,35,11.43%,8.49
l carnitine kevin levrone,4,31,12.9%,4.06
whey protein,3,1457,0.21%,9.74
serious mass prix tunisie,3,286,1.05%,10.09
impact whey,3,168,1.79%,8.67
الكرياتين,3,138,2.17%,10.88
impact whey protein tunisie,3,121,2.48%,8.82
gold standard whey tunisie,3,86,3.49%,7.21
créatine tunisie,3,78,3.85%,24.47
maltodextrine tunisie,3,67,4.48%,4.43
lifting straps tunisie,3,63,4.76%,6.13
beef mass big ramy,3,62,4.84%,1.94
serious mass 7kg prix tunisie,3,50,6%,8.72
prix proteine tunisie,3,43,6.98%,12.49
hard mass gainer,3,40,7.5%,8.18
multivitamine biotech,3,39,7.69%,6.67
home gym tunisie,3,37,8.11%,4.73
748927028669,3,33,9.09%,3.91
iso whey tunisie,3,33,9.09%,11.73
gant de musculation prix tunisie,3,30,10%,5.73
applied nutrition tunisie,3,30,10%,10.6
hydro whey tunisie,3,30,10%,11.47
creatine en tunisie,3,27,11.11%,15
v bulk mass gainer,3,24,12.5%,4.33
l carnitine tunisie,3,24,12.5%,22.46
on creatine tunisie,3,19,15.79%,15.58
machine musculation multifonction tunisie,3,16,18.75%,14
dymatize iso100 tunisie,3,13,23.08%,7.08
muscletech tunisie,3,13,23.08%,8.92
gant musculation femme,3,10,30%,2.4
مصادر البروتين,2,299,0.67%,9.41
protein shop tunisia,2,212,0.94%,6.92
hard mass,2,157,1.27%,9.18
protein shop sousse,2,154,1.3%,8.23
whey gold standard prix tunisie,2,154,1.3%,8.44
mass gainer tunisie,2,149,1.34%,47.4
gant musculation,2,145,1.38%,35.12
whey protein tunisia,2,129,1.55%,11.47
whey gold standard tunisie,2,125,1.6%,9.03
gants de musculation,2,114,1.75%,28.55
mass gainer 7kg prix tunisie,2,82,2.44%,11.66
creatine monohydrate tunisie,2,82,2.44%,28.83
whey protein tunisie prix,2,81,2.47%,9.32
gsn tunisie,2,79,2.53%,6.81
testo booster tunisie,2,79,2.53%,8.85
straps tunisie,2,74,2.7%,9.99
protein shake tunisie,2,73,2.74%,4.96
creatine biotech 500g prix tunisie,2,67,2.99%,4.33
gant musculation tunisie,2,66,3.03%,5.91
proactive anabolic whey 80,2,62,3.23%,4.6
protein shop,2,59,3.39%,8.03
protein tunisie prix,2,56,3.57%,13.38
iso sensation,2,56,3.57%,17.29
whey prix tunisie,2,55,3.64%,6.05
biotech usa tunisie,2,55,3.64%,8.56
iso sensation 93,2,53,3.77%,10.42
proteine tunisie prix,2,52,3.85%,15.15
l-carnitine 3000 tunisie,2,50,4%,6.02
iso 100 tunisie,2,50,4%,6.98
protina,2,49,4.08%,4.22
اغذية غنية بالكيراتين,2,49,4.08%,7.29
creatine prix tunisie,2,47,4.26%,23.3
thorne creatine tunisie,2,44,4.55%,10.16
optimum nutrition tunisie,2,43,4.65%,13.93
thunder gainer,2,41,4.88%,1.2
wrist wraps tunisie,2,40,5%,7.45
optimum nutrition serious mass tunisie,2,39,5.13%,9.18
ostrovit tunisie,2,38,5.26%,7.87
matériel salle de sport professionnel tunisie,2,37,5.41%,7.65
matériel musculation tunisie,2,35,5.71%,10.26
optimum nutrition whey protein tunisie,2,30,6.67%,10
bcaa tunisie,2,29,6.9%,19.31
citrulline tunisie,2,28,7.14%,33.21
nutrition tunisie,2,28,7.14%,35.25
whey gold standard,2,26,7.69%,22.19
ceinture de dos musculation,2,25,8%,2.4
testostérone booster tunisie,2,25,8%,10.16
shaker proteine prix tunisie,2,25,8%,11.8
افضل انواع البروتين,2,25,8%,35.44
dymatize super mass gainer prix tunisie,2,24,8.33%,3.17
warrior mass gainer,2,24,8.33%,6.25
best creatine in tunisia,2,24,8.33%,11.42
creatine tunisia,2,23,8.7%,23.35
iso whey zero tunisie,2,22,9.09%,9.86
optimum nutrition gold standard 100 whey tunisie,2,21,9.52%,9.76
materiel musculation,2,20,10%,9.2
machine musculation tunisie prix,2,19,10.53%,5.21
pre workout tunisie,2,19,10.53%,31.32
vita x,2,17,11.76%,8.18
cream of rice tunisie,2,17,11.76%,15.82
proteine isolate tunisie,2,17,11.76%,21.82
sterol universal,2,16,12.5%,4.81
t9 testo booster,2,15,13.33%,2.73
631656705737,2,15,13.33%,5.13
serious mass 1kg prix tunisie,2,15,13.33%,7.33
bpi iso hd,2,15,13.33%,8.33
nutrimuscle tunisie,2,15,13.33%,13.67
iso sensation 93 tunisie,2,14,14.29%,8.29
scitec nutrition tunisie,2,13,15.38%,12.92
thunder mass gainer,2,12,16.67%,1.33
myprotein impact whey isolate tunisie,2,12,16.67%,6.75
lipo 6 black 120 capsules tunisie,2,10,20%,9.5
warriors mass gainer 7kg,2,9,22.22%,2.67
en tunisie,2,9,22.22%,4.78
l-citrulline prix tunisie,2,9,22.22%,27.78
7 kg mass gainer,2,7,28.57%,7.57
ceinture musculation tunisie,2,6,33.33%,16.33
kevin levrone l carnitine 3000,2,5,40%,4.6
biotech usa iso whey zero tunisie,2,5,40%,10.2
whey gold standard tunisia,2,5,40%,10.2
optimum nutrition whey tunisie,2,4,50%,15.5
site proteine,2,3,66.67%,2
l carnitine chrome biotech,2,3,66.67%,3.33
hydro whey optimum nutrition,2,3,66.67%,14
hx nutrition creatine,2,2,100%,5
مكمل غذائي,1,329,0.3%,9.9
levro legendary mass,1,297,0.34%,8.61
complément alimentaire tunisie,1,266,0.38%,7.46
nutrition sportive tunisie,1,213,0.47%,22.74
اين يوجد الكرياتين في الطعام,1,157,0.64%,8.85
meilleur parapharmacie en ligne tunisie,1,148,0.68%,45.9
tribulus tunisie,1,114,0.88%,40.11
whey protein impact,1,110,0.91%,9.3
fitness park tunisie,1,104,0.96%,8.58
proteine whey,1,100,1%,46.45
مكملات غذائية,1,93,1.08%,12.9
المكمل الغذائي,1,91,1.1%,9.46
المكملات الغذائية,1,90,1.11%,9.49
tapis roulant professionnel prix tunisie,1,84,1.19%,3.46
créatine,1,81,1.23%,58.54
site:protein.tn,1,78,1.28%,75.87
اسعار البروتين في تونس,1,68,1.47%,6.9
biotech tunisie,1,67,1.49%,7.85
gsn creatine,1,67,1.49%,8.57
salle de sport sousse femme,1,66,1.52%,7.35
myprotein impact whey,1,64,1.56%,7.27
big ramy whey,1,63,1.59%,3.75
whey protein 1kg prix tunisie,1,63,1.59%,9.35
protien,1,59,1.69%,7.25
مصادر البروتين لبناء العضلات,1,59,1.69%,10.15
real mass,1,57,1.75%,17.58
magnesium bisglycinate weightworld,1,56,1.79%,6.68
real mass 6.8 kg,1,56,1.79%,7.36
omega 3 weightworld tunisie,1,51,1.96%,6.84
kevin levrone whey,1,50,2%,8.06
ostrovit creatine tunisie,1,50,2%,8.16
whey impact,1,50,2%,10
gold creatine prix tunisie,1,49,2.04%,8.14
shaker proteine tunisie,1,46,2.17%,14.72
one a day tunisie,1,44,2.27%,6.09
omega 3 tunisie,1,44,2.27%,40.61
serious mass gainer tunisie,1,42,2.38%,13
creatine monohydrate biotech prix tunisie,1,41,2.44%,11.29
real mass 6.8 kg fiche technique,1,40,2.5%,7.83
tribulus terrestris tunisie,1,40,2.5%,8.18
weightworld magnesium,1,40,2.5%,8.75
wrist straps tunisie,1,39,2.56%,3.77
vente proteine tunisie,1,39,2.56%,12.79
big ramy mass,1,38,2.63%,1.95
c4 pre workout prix tunisie,1,38,2.63%,7.32
whey gold standard 2.27 kg,1,38,2.63%,8.26
proteine shop,1,37,2.7%,5.92
whey protein price in tunisia,1,36,2.78%,10.83
monster tunisie,1,35,2.86%,10.69
whey protein 500g prix tunisie,1,33,3.03%,8.48
parapharmacie moins cher tunisie,1,32,3.12%,24.62
weightworld zinc,1,31,3.23%,9.32
احسن بروتين لزيادة الوزن,1,30,3.33%,5.93
big ramy creatine,1,29,3.45%,7.72
meilleur creatine monohydrate,1,29,3.45%,9.03
prix tunisie,1,28,3.57%,8.32
prix proteine whey tunisie,1,28,3.57%,9.57
biotech creatine tunisie,1,28,3.57%,10.71
creatine quamtrax tunisie,1,27,3.7%,8.22
ultimate nutrition whey tunisie,1,27,3.7%,10.56
lepo6,1,26,3.85%,5.81
zinc bisglycinate weightworld,1,26,3.85%,8.12
whey protein hydrolysate tunisie,1,26,3.85%,14.42
احسن كرياتين في تونس,1,25,4%,6.36
matériel musculation,1,25,4%,8.6
huile de poisson tunisie,1,25,4%,10.16
straps,1,25,4%,12.92
proactive whey 80,1,24,4.17%,5.71
whey protein 3kg prix tunisie,1,24,4.17%,7.83
weight world tunisie,1,24,4.17%,9.96
omg3 prix tunisie,1,23,4.35%,3
ring boxe,1,23,4.35%,6.17
weightworld magnesium bisglycinate,1,23,4.35%,7.35
proactive whey,1,22,4.55%,4.45
support haltere,1,21,4.76%,3
créatine pharmacie tunisie,1,21,4.76%,7.57
سعر كرياتين مونوهيدرات في تونس,1,21,4.76%,8.86
creatine biotech tunisie,1,21,4.76%,10.52
quamtrax creatine fake vs original,1,19,5.26%,3.79
748927023800,1,19,5.26%,3.84
creatine challenger nutrition,1,19,5.26%,5.84
protein shaker,1,19,5.26%,7.37
مصادر بروتين,1,19,5.26%,7.63
testosterone booster tunisie,1,19,5.26%,9.58
creatine biotech,1,19,5.26%,13.32
iso whey zero,1,19,5.26%,55.95
whey testo,1,18,5.56%,1.67
thunder mass,1,18,5.56%,3.17
matériel salle de sport,1,18,5.56%,4.89
premium v bulk,1,18,5.56%,5.78
gold whey standard tunisie,1,18,5.56%,15.67
أفضل بروتين نباتي لبناء العضلات,1,17,5.88%,6.35
greatsportnutrition,1,17,5.88%,8.53
whey challenger,1,16,6.25%,4.19
l arginine tunisie,1,16,6.25%,22.94
أفضل كرياتين مونوهيدرات,1,15,6.67%,7.13
iso whey protein prix tunisie,1,15,6.67%,7.67
اين يوجد كرياتين في الطعام,1,15,6.67%,8.73
kevin levrone protein,1,15,6.67%,15.07
materiel salle de sport,1,14,7.14%,5.57
c4 pre workout tunisie,1,14,7.14%,10.14
matériel sport tunisie,1,14,7.14%,10.71
v bulk,1,13,7.69%,5.62
serious mass 2.7 kg prix,1,13,7.69%,7.23
اين يتواجد الكرياتين في الطعام,1,13,7.69%,9.92
magnesium et creatine,1,13,7.69%,10.38
gant de musculation tunisie,1,13,7.69%,10.77
whey 80,1,13,7.69%,10.77
on whey protein tunisie,1,13,7.69%,12.69
optimum nutrition creatine tunisie,1,13,7.69%,15.77
whey protein prix,1,13,7.69%,18.62
isolate protein tunisie,1,13,7.69%,31.15
protein nutrition,1,12,8.33%,3.42
whey protein challenger nutrition,1,12,8.33%,4.25
real hydro,1,12,8.33%,6.75
growth hormone tunisie prix,1,12,8.33%,8.17
impact protein whey,1,12,8.33%,8.42
serious mass 3kg prix tunisie,1,12,8.33%,8.75
magnesium glycinate tunisie,1,12,8.33%,15.33
matériel salle de sport prix,1,11,9.09%,6.64
iso fusion eric favre,1,11,9.09%,6.82
growth hormone tunisie pharmacie,1,11,9.09%,8.73
zumub omega 3,1,11,9.09%,9
muscle on,1,11,9.09%,9.45
creatine kevin levrone,1,11,9.09%,11.55
glycinate de magnésium tunisie,1,11,9.09%,21
eaa prix tunisie,1,11,9.09%,22.73
mass tunisie,1,11,9.09%,33.09
prix,1,10,10%,5.1
eaa ostrovit,1,10,10%,5.4
oui,1,10,10%,6
weight world omega 3,1,10,10%,8.9
من ماذا يتكون الكرياتين,1,10,10%,9.7
boutique protéine,1,10,10%,10.6
preworkout tunisie,1,10,10%,31
premium whey gold,1,9,11.11%,5.11
carbo protein,1,9,11.11%,5.44
impact proteine,1,9,11.11%,8.22
gainer tunisie,1,9,11.11%,46.78
افضل whey protein,1,8,12.5%,3.38
natural sterol complex,1,8,12.5%,4
ceinture de musculation,1,8,12.5%,4.12
animal stak avis,1,8,12.5%,6.25
whey optimum nutrition tunisie,1,8,12.5%,11
ultimate nutrition tunisie,1,8,12.5%,13
prix whey protein,1,8,12.5%,17.12
dip belt,1,8,12.5%,23.75
citrulline malate tunisie,1,8,12.5%,28.12
créatine monohydrate tunisie,1,8,12.5%,34.38
gold isolate,1,7,14.29%,1.71
bande poignet musculation,1,7,14.29%,3.86
machine de musculation,1,7,14.29%,8.43
psycho pre workout,1,7,14.29%,10
creatine platinum prix tunisie,1,7,14.29%,13.86
gold creatine kevin levrone,1,7,14.29%,14.14
gold l carnitine,1,7,14.29%,17.14
mass gainer 10 kg prix tunisie,1,7,14.29%,43.57
v shape isolate,1,6,16.67%,1.67
carboz,1,6,16.67%,2
v-bulk mass gainer,1,6,16.67%,2.17
challenger nutrition whey protein,1,6,16.67%,3.5
universal sterol,1,6,16.67%,6.67
olimp nutrition,1,6,16.67%,7.5
real pharm whey,1,6,16.67%,7.5
born rage eric favre,1,6,16.67%,8.83
proteine en poudre,1,6,16.67%,8.83
whey tunis,1,6,16.67%,8.83
caseine inflammatoire,1,6,16.67%,9.67
kevin levrone gold iso,1,6,16.67%,11.67
muscletech ripped,1,6,16.67%,17.17
platinum creatine,1,6,16.67%,26.17
أفضل بروتين لتضخيم العضلات للمبتدئين,1,6,16.67%,37.5
hard mass gainer 7kg,1,5,20%,1.6
تونس,1,5,20%,2
challenger nutrition thunder gain,1,5,20%,2.8
porte haltère,1,5,20%,2.8
bandes de poignet musculation,1,5,20%,3.4
kératine protéine musculation,1,5,20%,3.4
proactive protein,1,5,20%,3.6
psychotic insane labz,1,5,20%,4.8
big monster,1,5,20%,6.4
big monster xxl,1,5,20%,6.6
proactive,1,5,20%,8.6
machine musculation tunisie,1,5,20%,8.8
meilleure creatine,1,5,20%,9.2
scitec nutrition whey tunisie,1,5,20%,9.4
whey gold standard 900g prix tunisie,1,5,20%,12
mass gainer warrior,1,4,25%,1.5
support halteres,1,4,25%,2.25
mass full,1,4,25%,3
in tunisia,1,4,25%,3.5
cretin protein,1,4,25%,4.25
كم سعره,1,4,25%,4.75
challenger creatine,1,4,25%,5.25
nitrotech ripped,1,4,25%,5.75
bande poignet,1,4,25%,6.25
biotechusa mega omega 3,1,4,25%,6.75
v shape supps,1,4,25%,7.75
ostrovit vitamin d3 4000 iu,1,4,25%,8
protcin homme tunisie prix,1,4,25%,8
prostar 100% whey protein,1,4,25%,8.75
isolate matrix,1,4,25%,10.75
matériel musculation tunisie prix,1,4,25%,15.75
meilleur protéine prise de masse,1,4,25%,16.25
tunisie,1,3,33.33%,1.33
أفضل بروتين,1,3,33.33%,3.67
meilleur proteine,1,3,33.33%,5.33
big monster mass gainer,1,3,33.33%,6
où acheter de la créatine,1,3,33.33%,6
l carnitine gold,1,3,33.33%,6.67
matériel musculation tunisie tayara,1,3,33.33%,8
big monster gainer,1,3,33.33%,8.67
gsn isolate pro,1,3,33.33%,9.33
animal whey protein,1,3,33.33%,13
magnesium creatine,1,3,33.33%,13
eric favre whey tunisie,1,3,33.33%,14
amino acids tunisie,1,3,33.33%,29
quamtrax creatine 500g,1,3,33.33%,34.33
hard mass gainer 7kg invictus,1,2,50%,1
thunder gain protein,1,2,50%,1
big ramy beef mass,1,2,50%,2.5
هل موجود في تونس,1,2,50%,2.5
carbo plus universal,1,2,50%,3
sterol complex universal,1,2,50%,4
way protein,1,2,50%,4
اين يباع في تونس,1,2,50%,5
protein + creatine,1,2,50%,7
leg press prix,1,2,50%,9
top creatine monohydrate,1,2,50%,9
iso x protein,1,2,50%,10.5
فوائد كرياتين,1,2,50%,13
gsn pure whey 2kg,1,2,50%,14
omega 3 fish oil prix tunisie,1,2,50%,15
yava labs tunisie,1,2,50%,17
animal omega 3,1,2,50%,31
collagène hydrolysé tunisie,1,2,50%,31.5
magnesium glycinate prix en tunisie,1,2,50%,39
bien fait creatine,1,2,50%,44
a sfax,1,1,100%,1
avis et fiabilité,1,1,100%,1
bienfaits de la créatine sur le cerveau,1,1,100%,1
combien ça coûte en tunisie,1,1,100%,1
gym store,1,1,100%,1
send me their link,1,1,100%,1
send their links,1,1,100%,1
اقل سعرا,1,1,100%,1
سوسة,1,1,100%,1
كم ثمنها,1,1,100%,1
كم ثمنهم,1,1,100%,1
للبيع,1,1,100%,1
موقع,1,1,100%,1
3 كيلو,1,1,100%,2
perfect nutrition tunisie,1,1,100%,2
protein magnesium,1,1,100%,2
quelle est la meilleur protéine pour prendre du muscle rapidement,1,1,100%,2
ring de combat,1,1,100%,2
sosport,1,1,100%,2
whey protein + creatine,1,1,100%,2
whey protein best price,1,1,100%,2
zma pro universal,1,1,100%,2
اولى,1,1,100%,2
من اين اشتريها,1,1,100%,2
je veux des images svp,1,1,100%,3
non en ligne,1,1,100%,3
sfd vitamin complex sport+,1,1,100%,3
son prix,1,1,100%,3
جنين القمح بالتونسي,1,1,100%,3
وين يبيعو فيه,1,1,100%,3
hotel el mouradi skanes,1,1,100%,4
hx nutrition real whey,1,1,100%,4
protein hair tunisie,1,1,100%,4
prptein shaker,1,1,100%,4
mutant mass prix tunisie,1,1,100%,5
partout,1,1,100%,5
bouteille shaker proteine,1,1,100%,6
creatine+magnesium,1,1,100%,6
اعطيني السعر,1,1,100%,6
bulk 5 kg,1,1,100%,7
multi gym machine,1,1,100%,7
proactive whey protein,1,1,100%,7
kevin levrone gold,1,1,100%,8
big ramy supplements,1,1,100%,10
bulk protein 5kg,1,1,100%,10
zma max,1,1,100%,11
l carnitine liquide tunisie,1,1,100%,12
salle de sport ouverte 24h 24,1,1,100%,12
arginine citrulline tunisie,1,1,100%,15
isolate animal,1,1,100%,15
zinc duo biotech,1,1,100%,16
big mass gainer 6kg,1,1,100%,17
iso whey muscletech tunisie,1,1,100%,18
rule 1 tunisie,1,1,100%,19
ultimate iso whey,1,1,100%,20
biotech 100% pure whey,1,1,100%,22
meilleur magnésium bisglycinate tunisie,1,1,100%,23
whey protein promotion,1,1,100%,23
ashwagandha ksm-66 tunisie,1,1,100%,29
nutrex whey protein,1,1,100%,42
omega 3 fish oil,0,2827,0%,7.46
protein powder whey,0,1091,0%,8.78
creatine monohydrate,0,651,0%,11.39
creatine,0,549,0%,38.12
protéine cheveux,0,394,0%,49.51
biochimie sanguine crp,0,391,0%,65.13
pre workout,0,360,0%,9.8
proteine,0,338,0%,21.04
كرياتين,0,282,0%,11.3
proteine pour cheveux,0,277,0%,41.31
salle de sport sousse,0,250,0%,12.08
protéine cheveux tunisie,0,218,0%,52.87
salle de sport,0,215,0%,16.63
protéine,0,215,0%,34.72
proteine anabolic tunisie,0,209,0%,15.94
best delivery,0,203,0%,2.47
protéine cheveux tunisie prix,0,187,0%,59.88
omega 3,0,186,0%,45.58
créatine effet secondaire,0,177,0%,31.36
nutrition sportive,0,160,0%,61.91
mass gainer,0,158,0%,46.33
one a day,0,148,0%,6.48
anabolic whey 80,0,146,0%,5.3
meilleure protéine pour maigrir,0,130,0%,23.6
protéines végétales musculation,0,120,0%,32.77
créatine effets indésirables,0,119,0%,29.98
lipo 6 prix tunisie,0,118,0%,9.8
whey gold standard 4.5 kg,0,118,0%,33.38
protéines de caséine,0,113,0%,40.96
omega 3 weightworld,0,109,0%,8.8
serious mass,0,105,0%,17.9
creatine 300g prix tunisie,0,102,0%,4.59
weightworld omega 3,0,100,0%,8.9
whey protéine danger,0,98,0%,37.59
بروتين,0,94,0%,12.51
complément alimentaire,0,94,0%,24.44
gants sport femme,0,91,0%,13.68
caseine nuit sommeil,0,91,0%,29.08
straps prix tunisie,0,90,0%,7.2
fitness,0,89,0%,14.58
ماهو الكرياتين,0,88,0%,12.26
protein whey tunisie,0,88,0%,14.49
ما هو الكرياتين,0,86,0%,18.93
leg press machine,0,83,0%,10.39
proteine vegetales musculation,0,79,0%,31.92
whey proteine,0,78,0%,42.9
meilleure protéine pour gagner de la masse musculaire,0,75,0%,44.53
salle de sport sousse prix,0,74,0%,8.66
proteine prix tunisie,0,73,0%,37.26
protein mass prix tunisie,0,73,0%,50.77
zinc weightworld,0,72,0%,9.44
gsm protein,0,71,0%,7.38
salle de sport autour de moi,0,71,0%,10.38
créatine danger,0,70,0%,55.4
salle de sport femme sousse,0,69,0%,10.09
creatine monohydrate prix tunisie,0,69,0%,37.81
mr testo,0,66,0%,9.8
whey,0,66,0%,41.38
ما هي فوائد وأضرار الكرياتين,0,64,0%,10.48
proteine musculation tunisie,0,64,0%,27.14
lysine tunisie,0,63,0%,6.92
weightworld,0,62,0%,7.4
nutrition,0,62,0%,11.45
whey protine,0,61,0%,48.08
complément alimentaires tunisie,0,60,0%,15.57
proteine vegetale musculation,0,59,0%,28.73
protein powder,0,58,0%,31.6
gants musculation femme,0,56,0%,25.62
l lysine tunisie,0,54,0%,8.13
iso whey zero prix tunisie,0,54,0%,9
mass gainer prix tunisie,0,53,0%,41.49
whey gold standard 2.27 kg prix tunisie,0,52,0%,8.77
weightworld magnesium glycinate,0,52,0%,9.46
protéine sans sucre pour diabétique,0,51,0%,12.82
caséine inflammation,0,50,0%,11.04
my protein tunisie,0,49,0%,7.71
اين يوجد الكرياتين في الفواكه,0,49,0%,9.27
gold creatine,0,48,0%,2.98
creatine hcl tunisie,0,46,0%,8.63
impact protein,0,46,0%,9.46
prix creatine tunisie,0,46,0%,11.26
big ramy mass gainer,0,45,0%,5.42
la caseine est elle inflammatoire,0,45,0%,8.53
meilleure creatine tunisie,0,45,0%,23.04
presse a cuisse,0,44,0%,6.43
presse à cuisses,0,43,0%,8.33
optimum nutrition serious mass prix tunisie,0,42,0%,9.26
protein whey,0,42,0%,14.71
"fais-moi un comparatif des prix entre les différentes parapharmacies en 
ligne tunisiennes.",0,42,0%,18.45
prix whey protein tunisie,0,41,0%,7.76
meilleur protéine pour diabétique,0,41,0%,10.37
great sport nutrition,0,40,0%,8.18
arginine prix tunisie,0,40,0%,8.2
acheter creatine tunisie,0,40,0%,11.65
arginine tunisie,0,40,0%,22.77
whey big ramy,0,39,0%,3.33
whey protein 5kg prix tunisie,0,39,0%,11.26
meilleur proteine prise de masse,0,39,0%,21.87
vitamines tunisie,0,38,0%,36.32
pre werkout tunisie,0,38,0%,47.47
ماهي المكملات الغذائية,0,37,0%,8.03
lipo 6 black prix tunisie,0,37,0%,8.16
straps gym,0,37,0%,8.32
الاطعمة التي تحتوي على الكرياتين,0,37,0%,9.38
protein prix tunisie,0,37,0%,15.05
collagène tunisie,0,37,0%,48.78
gainer,0,37,0%,57.16
fitness park,0,36,0%,4.83
اطعمة تحتوي على الكرياتين,0,36,0%,8.25
biotech creatine 500g tunisie,0,36,0%,8.42
protéines,0,36,0%,10.64
انواع البروتين,0,36,0%,25.86
biotech,0,35,0%,7.17
salle de sport near me,0,35,0%,11.09
zinc biotech,0,35,0%,11.51
carbo,0,35,0%,21.34
مصدر البروتين,0,34,0%,8.79
أفضل وقت لشرب البروتين قبل أو بعد التمرين,0,34,0%,8.82
ما هو المكمل الغذائي,0,34,0%,9.97
where to find cheap workout equipment,0,34,0%,11.53
ultimate nutrition,0,33,0%,5.21
iso big ramy,0,33,0%,9
protéine whey tunisie,0,33,0%,11.09
مصادر البروتينات,0,33,0%,16.79
meilleur créatine pour prise de masse,0,33,0%,20.79
la meilleure poudre de protéine,0,33,0%,36.12
lipo 6 black tunisie,0,32,0%,7.94
whey impact protein,0,32,0%,10.03
whey isolate prix tunisie,0,32,0%,11.31
steroids tunisie,0,32,0%,12.66
magnesium weightworld,0,31,0%,4.61
protine,0,31,0%,7.1
5060245605397,0,31,0%,9.23
whey tunisie prix,0,31,0%,9.42
serious mass 5kg prix tunisie,0,31,0%,10.84
mega mass prix tunisie,0,31,0%,19.94
dymatize iso-100,0,31,0%,27.13
whey kevin levrone,0,30,0%,5.9
omega 3 weightworld prix tunisie,0,30,0%,7.1
اكلات فيها كرياتين,0,30,0%,8.53
الكرياتين في الطعام,0,30,0%,11.17
glutamine tunisie,0,30,0%,21.47
supplements tunisie,0,30,0%,28.7
créatine 300g prix tunisie,0,29,0%,4.38
اطعمة غنية بالكرياتين,0,29,0%,6.93
beef mass,0,29,0%,7.52
اطعمة غنية بالكيراتين,0,29,0%,8.21
المكملات الغذائية في تونس,0,29,0%,10.34
salle de sport à proximité,0,29,0%,11.38
mass gainer 3kg prix tunisie,0,29,0%,12.24
carbox biotech,0,29,0%,20.07
meilleur complément de weight gainer,0,29,0%,32.66
gants musculation tunisie,0,28,0%,7.61
مصادر البروتين النباتي,0,28,0%,12.71
kevin levrone,0,28,0%,30.68
ring de boxe,0,27,0%,2.04
protein bar,0,27,0%,3.59
ماهو الكيراتين,0,27,0%,8
omega 3 fish oil weightworld,0,27,0%,8.48
anabolic whey 80 fiche technique,0,27,0%,8.81
whey protéine tunisie,0,27,0%,13.56
isolat de whey protéine,0,27,0%,23.89
protéine tunisie cheveux,0,27,0%,50.26
5999076227426,0,26,0%,7.58
creatine big ramy,0,26,0%,7.62
مكمل الغذائي,0,26,0%,10.08
iso whey prix tunisie,0,26,0%,11.69
كرياتين تونس,0,26,0%,13.31
lipo 6 black,0,26,0%,27.19
creatine monohydrate gsn,0,25,0%,6.44
proteino,0,25,0%,7.32
creatine et magnesium,0,25,0%,10.88
mass gainer 7kg,0,25,0%,15.16
protein bar tunisie,0,25,0%,18.48
complement alimentaire pour cheveux,0,25,0%,57.04
mass gainers,0,25,0%,68.64
profi ai tn,0,24,0%,2.67
creatine gold,0,24,0%,4.88
mega mass,0,24,0%,7.29
whey protein 2kg prix tunisie,0,24,0%,9.12
الفرق بين واي بروتين وكازين,0,24,0%,10.04
hydro whey prix tunisie,0,24,0%,13.46
proteine c reactive,0,24,0%,53.38
ceratine,0,24,0%,58.12
thunder gain mass gainer,0,23,0%,3.78
fitness boutique,0,23,0%,4.74
vitamax men,0,23,0%,6.3
سعر أوميجا 3 في تونس,0,23,0%,6.52
biceps machine,0,23,0%,6.83
straps gym tunisie,0,23,0%,9.48
difference entre proteine et creatine,0,23,0%,16.57
proteine musculation,0,23,0%,19.04
velo spinning tunisie,0,23,0%,23.39
omega 3 prix tunisie,0,23,0%,35.7
omega 3 biotech,0,23,0%,36.17
créatine effets secondaires,0,23,0%,38.74
creatine monohydrate 200g prix tunisie,0,22,0%,3.55
gant de musculation,0,22,0%,4.82
whey creatine,0,22,0%,4.86
gsn creatine monohydrate,0,22,0%,4.95
creatine big ramy prix tunisie,0,22,0%,5.73
scenit nutrition,0,22,0%,6.55
creatine قوة,0,22,0%,6.68
real pharm mass gainer,0,22,0%,6.95
مكمل غذاءي,0,22,0%,9.14
salle de sport sousse sahloul femme,0,22,0%,9.41
الكرياتين في تونس,0,22,0%,9.82
مصادر الكرياتين الطبيعية,0,22,0%,10.18
بروتين نباتي,0,22,0%,16.64
meilleur protéine pour prise de masse,0,22,0%,25.14
la whey est-elle dangereuse,0,22,0%,30.68
parapharmacie near me,0,22,0%,48.91
beef mass plus,0,21,0%,5.1
real pharm creatine 300g,0,21,0%,6.95
mr testo x,0,21,0%,7.19
whey protein powder,0,21,0%,7.19
سعر الواي بروتين في تونس,0,21,0%,7.76
levro mass,0,21,0%,7.81
ما هي فوائد واضرار الكرياتين,0,21,0%,9.9
mr test0,0,21,0%,10.57
iso 100,0,21,0%,15.76
bcaa prix tunisie,0,21,0%,19.81
proteine whey tunisie,0,21,0%,27.48
magnésium tunisie,0,21,0%,37.9
crp,0,21,0%,46.38
liste matériel salle de sport,0,20,0%,2.95
tn protein,0,20,0%,3.55
نعم,0,20,0%,3.7
creatine sousse,0,20,0%,3.95
ceinture musculation,0,20,0%,4.1
whey victor martinez,0,20,0%,4.55
big ramy labs,0,20,0%,5.9
impact whey protein avis,0,20,0%,8.05
serieuse masse,0,20,0%,8.7
boutique proteine,0,20,0%,8.75
اطعمة تحتوي على كرياتين,0,20,0%,8.9
kevin levrone mass,0,20,0%,9
whey protein gold standard prix tunisie,0,20,0%,9.45
gsn mass gainer,0,20,0%,20.35
proteines vegetales musculation,0,20,0%,25.15
creatine effet secondaire,0,20,0%,32
complément alimentaire nutrition,0,20,0%,52.1
"""olimp sport nutrition"" -site:reddit.com -site:twitter.com -site:x.com 
-site:wykop.pl -site:tripadvisor.com -site:youtube.com -site:yelp.com 
-site:booking.com -site:facebook.com -site:instagram.com -site:tiktok.com",0,19,0%,5.42
proteines,0,19,0%,5.47
gold standard whey prix tunisie,0,19,0%,5.84
weightworld zinc bisglycinate,0,19,0%,7.79
sal de sport,0,19,0%,8.32
أطعمة غنية بالكرياتين,0,19,0%,8.37
lipo 6 black ultra,0,19,0%,9.21
اين اجد الكرياتين في الاكل,0,19,0%,9.79
ماهو creatine,0,19,0%,10.79
protéine musculation,0,19,0%,12.47
بروتين للعضلات,0,19,0%,13.89
gold standard whey protein,0,19,0%,14.32
proteine whey prix tunisie,0,19,0%,15.63
افضل بروتين لتضخيم العضلات للمبتدئين,0,19,0%,53.84
mammoth mass 7kg,0,19,0%,70.47
اخصائية تغذية,0,18,0%,2.5
big whey,0,18,0%,2.83
mass big ramy,0,18,0%,4
iso gold kevin levrone,0,18,0%,8.78
على ماذا يحتوي الكرياتين,0,18,0%,9.22
كريتين,0,18,0%,9.78
اين يوجد الكرياتين,0,18,0%,11
testosterone tunisie,0,18,0%,13.06
proteinshop,0,18,0%,13.94
meilleur proteine pour maigrir,0,18,0%,24.33
t-shirt de sport homme,0,18,0%,43.44
protcin,0,18,0%,51.56
مكمل البروتين,0,17,0%,4.76
protin why,0,17,0%,5.41
gants musculation,0,17,0%,5.71
اكل فيه كرياتين,0,17,0%,7.65
whey protein isolate prix tunisie,0,17,0%,8.24
muscle nutrition,0,17,0%,8.41
best creatine,0,17,0%,8.65
basic fit tunisie,0,17,0%,9.18
اكلات تحتوي على كرياتين,0,17,0%,9.47
creatine gsn 500g,0,17,0%,10
creatine فوائد وأضرار,0,17,0%,10.35
الاطعمة الغنية بالكيراتين,0,17,0%,10.65
ما هو الكيراتين,0,17,0%,11.06
كرياتين للعضلات,0,17,0%,11.29
salle de sport tunisie,0,17,0%,13.88
gant fitness,0,17,0%,25.76
compléments alimentaires,0,17,0%,27.65
gain bolic 6000,0,17,0%,44.06
créatine dangereux,0,17,0%,59.94
victor martinez whey,0,16,0%,3.88
5903719231329,0,16,0%,6.38
iso 100 prix tunisie,0,16,0%,7.69
ماهي مصادر البروتين,0,16,0%,7.94
testostérone booster prix tunisie,0,16,0%,8.88
مصادر الكرياتين في الطعام,0,16,0%,9.44
olimp sport nutrition,0,16,0%,9.5
carbo mass,0,16,0%,10.12
أضرار الكرياتين,0,16,0%,10.56
انواع المكملات الغذائية,0,16,0%,10.62
meilleur complément alimentaire tunisie,0,16,0%,11.38
fitness gym,0,16,0%,11.56
creatine kevin levrone prix tunisie,0,16,0%,14.19
vegan protein tunisie,0,16,0%,16.62
creatine quamtrax,0,16,0%,18.62
lipo 6,0,16,0%,30.88
effet secondaire creatine,0,16,0%,33.88
creatine cerveau,0,16,0%,41
افضل بروتين,0,16,0%,45
animal pak,0,16,0%,47.06
magnesium,0,16,0%,61.88
strapes,0,15,0%,2.27
profil,0,15,0%,2.87
zma biotech,0,15,0%,3.93
853237000714,0,15,0%,4.6
افضل انواع الكرياتين,0,15,0%,6.73
v shape creatine,0,15,0%,7.33
gym equipment,0,15,0%,7.47
hx nutrition,0,15,0%,8.33
weightworld omega 3 fish oil,0,15,0%,8.47
مصادر البروتيين,0,15,0%,8.53
protéine whey prix tunisie,0,15,0%,8.73
sale de sport,0,15,0%,8.73
مصدر بروتين,0,15,0%,8.8
البروتين قبل او بعد التمرين,0,15,0%,9
machine biceps,0,15,0%,9.2
ما هي مصادر البروتين,0,15,0%,10.33
مصادر الكرياتين,0,15,0%,12.27
boxe tunisie,0,15,0%,14.2
one a day biotech,0,15,0%,14.93
anabolic whey,0,15,0%,16.8
big mass gainer,0,15,0%,17.53
creatine et proteine,0,15,0%,21.87
optimum nutrition,0,15,0%,22.47
protein shaker tunisie,0,15,0%,27.33
animal pack,0,15,0%,31.4
dymatize iso 100,0,15,0%,33.33
halteres tunisie,0,15,0%,46.27
بروتينات للعضلات,0,15,0%,47.13
méga collagène tunisie,0,15,0%,50.67
collagène,0,15,0%,66.73
البروتين,0,14,0%,5.86
whey gold standard 4.5 kg tunisie,0,14,0%,7.57
مكملات غذائية في تونس,0,14,0%,7.71
machine musculation,0,14,0%,8
محلات بيع البروتين في تونس,0,14,0%,8.07
pull down machine,0,14,0%,8.14
l-arginine prix tunisie,0,14,0%,8.71
optimum nutrition gold standard whey prix tunisie,0,14,0%,8.79
أين يوجد الكرياتين في الطعام,0,14,0%,8.79
muscle on real pharm,0,14,0%,9.07
مصدر الكرياتين,0,14,0%,9.07
مصادر طبيعية للكرياتين,0,14,0%,10
مصادر الكرياتين النباتية,0,14,0%,11.64
مصادر بروتين نباتي,0,14,0%,12.36
فوائد واضرار الكرياتين,0,14,0%,12.5
gants de musculation tunisie,0,14,0%,12.57
nitro whey gsn,0,14,0%,12.57
مكمل,0,14,0%,13.07
lipo 6 tunisie,0,14,0%,13.5
فوائد وأضرار الكرياتين,0,14,0%,14.86
animal pak tunisie,0,14,0%,17.36
protéines pour diabétiques,0,14,0%,21.57
biotech zinc,0,14,0%,32
psychotic pre workout,0,14,0%,34.93
nutrex,0,14,0%,35.14
zinc prix tunisie,0,14,0%,38.21
bcaa,0,14,0%,47.5
astaxanthin tunisie,0,14,0%,49.43
gold whey kevin levrone,0,13,0%,4.08
ceinture gym,0,13,0%,4.62
ceinture lombaire musculation tunisie,0,13,0%,5.38
anabolic whey 80 proactive,0,13,0%,5.92
l arginine prix tunisie,0,13,0%,6.23
ما معنى مكمل غذائي,0,13,0%,7.62
مصادر البروتين الطبيعية,0,13,0%,7.85
compliment alimentaire,0,13,0%,8.15
vitamax tunisie,0,13,0%,8.38
crocostore tn,0,13,0%,8.77
william bonac whey,0,13,0%,8.85
optimum nutrition gold standard whey tunisie,0,13,0%,9.08
weightworld d3 k2,0,13,0%,9.69
salle du sport,0,13,0%,10
ماهو المكمل الغذائي,0,13,0%,11.77
اضرار الكرياتين,0,13,0%,12.15
créatine prix tunisie 1kg,0,13,0%,13.31
creatine tn,0,13,0%,13.46
utilisation impact whey protein,0,13,0%,15.46
kevin levrone mass gainer,0,13,0%,18.54
nitro whey,0,13,0%,19.77
shaker proteine,0,13,0%,21.85
proteine et creatine,0,13,0%,22.23
creatine ou proteine,0,13,0%,22.92
realmass,0,13,0%,23.54
caseine tunisie,0,13,0%,24.85
whey protein isolate,0,13,0%,28.54
meilleure protéine pour la perte de poids,0,13,0%,54.92
real pharm pre workout,0,12,0%,1.67
carbo z,0,12,0%,2.67
gant gym,0,12,0%,2.75
whey protein kevin levrone,0,12,0%,4.08
body shop,0,12,0%,4.67
créatine biotech 500g prix tunisie,0,12,0%,4.83
abonnement salle de sport,0,12,0%,5.42
materiel de musculation,0,12,0%,6.5
muscle nutrition tunisie,0,12,0%,7
prix en tunisie,0,12,0%,7.42
احسن نوع بروتين للشعر في تونس,0,12,0%,7.67
فوائد المكمل الغذائي,0,12,0%,8.42
البروتين النباتي,0,12,0%,8.92
proteine whey gold standard,0,12,0%,9.58
ultimate nutrition iso sensation 93,0,12,0%,10.08
كرياتين مونوهيدرات تونس,0,12,0%,10.42
creatine gsn 200g,0,12,0%,10.5
d3 k2 weightworld,0,12,0%,10.83
caseine,0,12,0%,11.83
protéine whey,0,12,0%,12.17
ما هو creatine,0,12,0%,12.33
real pharm creatine,0,12,0%,17.83
creatine on 317g prix tunisie,0,12,0%,18.08
la meilleur proteine prise de masse,0,12,0%,18.5
oméga 3 tunisie,0,12,0%,20.42
فوائد الكرياتين,0,12,0%,21.25
ما هي المكملات الغذائية,0,12,0%,21.42
ماهو كرياتين,0,12,0%,21.42
meilleure creatine pour prise de masse,0,12,0%,21.92
biotech creatine,0,12,0%,24.08
mass gainer 7,0,12,0%,28.17
levrone,0,12,0%,30.67
proteine vegetale pour musculation,0,12,0%,39.17
prostar casein,0,12,0%,39.42
مكمل الكرونين تونس,0,11,0%,1
protin,0,11,0%,1.91
nutrition house,0,11,0%,2.09
dodis gym pro,0,11,0%,2.55
bouteille d'eau sport 2l tunisie,0,11,0%,2.73
creatine challenger,0,11,0%,3.36
magnésium glycinate tunisie,0,11,0%,4.27
gold whey,0,11,0%,5.45
تناول البروتين قبل او بعد التمرين,0,11,0%,6.55
810116490899,0,11,0%,6.73
l-arginine 1000 mg tunisie,0,11,0%,6.73
carbo ostrovit,0,11,0%,7.64
myprotein impact whey protein,0,11,0%,8.36
weight world magnesium,0,11,0%,8.91
whey protein tunisie impact,0,11,0%,8.91
احسن بروتين للشعر في تونس,0,11,0%,8.91
big ramy protein,0,11,0%,9.09
بروتين الحليب,0,11,0%,9.55
proteine impact whey,0,11,0%,9.64
whey proteine impact,0,11,0%,10.45
matériel salle de sport tunisie prix,0,11,0%,10.55
whey gold standard 4.5 kg prix tunisie,0,11,0%,11.82
ما هي فوائد و أضرار الكرياتين,0,11,0%,12.36
materiel de sport en tunisie,0,11,0%,13.27
materiel musculation tunisie,0,11,0%,13.27
weightworld vitamine d3 k2,0,11,0%,13.73
ما هو كرياتين,0,11,0%,15.18
biotech usa creatine,0,11,0%,16.09
big ramy whey protein,0,11,0%,17.45
eaa tunisie,0,11,0%,18.55
quamtrax creatine,0,11,0%,18.73
meilleur protéine pour maigrir,0,11,0%,21.73
gsn,0,11,0%,22.36
meilleure protéine prise de masse,0,11,0%,23.45
salle de sport tunis,0,11,0%,23.64
multivitamine musculation,0,11,0%,27.09
real pharm,0,11,0%,29.64
complement alimentaire,0,11,0%,31.45
whey isolate,0,11,0%,35.36
whey isolate danger,0,11,0%,37.45
iso whey protein,0,11,0%,39.64
فتنس مينتس مقعد تدريبات,0,11,0%,68.82
la whey protéine est-elle mauvaise pour la santé,0,11,0%,86.64
king preworkout,0,10,0%,2.2
whey protien,0,10,0%,2.7
house nutrition,0,10,0%,3.1
challenger whey,0,10,0%,3.3
whey gold kevin levrone,0,10,0%,3.3
mr mass,0,10,0%,4.5
protéine lana,0,10,0%,5.6
في تونس,0,10,0%,5.8
أفضل واي بروتين لتضخيم العضلات,0,10,0%,5.9
mr x whey testo,0,10,0%,6.6
الكرياتين الطبيعي في الاكل,0,10,0%,7.6
salle de sport sousse sahloul,0,10,0%,8.1
مصادر البروتين الحيواني,0,10,0%,8.5
بروتين حيواني,0,10,0%,8.6
creatine gsn 200g prix tunisie,0,10,0%,8.7
meilleur whey proteine,0,10,0%,8.9
serious mass tunisie prix,0,10,0%,9.2
creatine ماهو,0,10,0%,10.9
مكملات غذائية تونس,0,10,0%,11.1
big mass gainer 3kg,0,10,0%,11.4
zinc chelate,0,10,0%,12.2
matériel de sport tunisie,0,10,0%,13.3
growth hormone tunisie,0,10,0%,13.6
difference entre creatine et proteine,0,10,0%,13.9
creatine vs proteine,0,10,0%,14.6
مكونات الكرياتين,0,10,0%,14.9
equipement sport tunisie,0,10,0%,15.3
scitec nutrition,0,10,0%,15.6
creatine proteine prix tunisie,0,10,0%,15.8
creatine tunisie prix,0,10,0%,15.8
proteine ou creatine,0,10,0%,16.6
rule 1 protein prix tunisie,0,10,0%,16.6
protéine en poudre pour diabétique,0,10,0%,17.1
les meilleurs proteines prise de masse,0,10,0%,17.8
whey isolate tunisie prix,0,10,0%,19.8
hydro whey,0,10,0%,23.2
proteine bio pour musculation,0,10,0%,25.1
biotech whey tunisie,0,10,0%,27.5
real whey,0,10,0%,27.6
biotech one a day,0,10,0%,30.7
l-citrulline tunisie,0,10,0%,33.2
iso whey,0,10,0%,34
créatine monohydrate 500g prix tunisie,0,10,0%,34.3
creatine danger,0,10,0%,40.1
omega-3,0,10,0%,42.5
mass protein,0,10,0%,45.4
citruline tunisie,0,10,0%,48.6
ashwagandha tunisie,0,10,0%,52.3
creatine on tunisie,0,10,0%,52.9
xtrem protein,0,10,0%,64.1
complete nutrition tunisie,0,9,0%,4.67
challenger nutrition creatine,0,9,0%,4.89
protein near me,0,9,0%,5.33
challenger whey protein,0,9,0%,5.56
sobitas reviews,0,9,0%,5.56
one day tn,0,9,0%,6.22
salle d'entraînement,0,9,0%,6.67
olimp,0,9,0%,7.11
real whey 100,0,9,0%,7.67
gsm creatine,0,9,0%,8
real pharm marine collagen 300g,0,9,0%,8.11
مما يتكون الكرياتين,0,9,0%,8.11
الكرياتين اين يوجد في الطعام,0,9,0%,8.22
مكمل غذائي لزيادة الوزن في تونس,0,9,0%,8.22
whey protéine prix tunisie,0,9,0%,8.33
my protein,0,9,0%,8.67